{
  "model_type": "gmm",
  "n_gauss": 12,
  "score_avg": -11.50882688605896,
  "labels_avg": [
    0.06323118217784816,
    0.1146399184567627,
    0.03849473295940051,
    0.0787067846798913,
    0.03242590267612968,
    0.05770271650449354,
    0.07570844167110517,
    0.12136431933894322,
    0.07092481209479193,
    0.06870481512079547,
    0.13598901994913745,
    0.14210735437070088
  ],
  "params": [
    [
      0.08725363298265783,
      0.1064192976604486,
      0.04007359732779399,
      0.07344384189609286,
      0.031081587571031098,
      0.07272816122269414,
      0.07517743109250924,
      0.11826014649503554,
      0.08378837116182987,
      0.07443595979538015,
      0.12366267381234808,
      0.11367529898217846
    ],
    [
      [
        625.3303011023069,
        376.06646109799215
      ],
      [
        194.54413544398187,
        680.6184814444846
      ],
      [
        903.333105712781,
        403.0959280477092
      ],
      [
        455.60942673815583,
        535.4568424828267
      ],
      [
        0.6760067220223852,
        504.6723541562952
      ],
      [
        894.7479394505303,
        380.5518746789037
      ],
      [
        370.77535464600817,
        660.6339402077342
      ],
      [
        984.2713062806287,
        506.02566860397644
      ],
      [
        539.9864192203338,
        463.971762576978
      ],
      [
        286.1757451497704,
        698.8864733496162
      ],
      [
        63.9948228894952,
        574.363509925626
      ],
      [
        748.1385835983405,
        306.42510913640706
      ]
    ],
    [
      [
        [
          4286.282286347441,
          -3658.0310044058197
        ],
        [
          -3658.0310044058197,
          3178.3482828574
        ]
      ],
      [
        [
          1851.3356321560602,
          1056.1019316356608
        ],
        [
          1056.1019316356608,
          775.9687655955346
        ]
      ],
      [
        [
          2771.929770990103,
          1946.167834306973
        ],
        [
          1946.167834306973,
          5364.976760546256
        ]
      ],
      [
        [
          3619.532861273276,
          -5295.3725607726
        ],
        [
          -5295.3725607726,
          7807.348140243648
        ]
      ],
      [
        [
          0.47743259819122863,
          -2.986486132124242
        ],
        [
          -2.986486132124242,
          381.37012379982747
        ]
      ],
      [
        [
          2195.0176452217443,
          2224.651443937978
        ],
        [
          2224.651443937978,
          2301.820898348991
        ]
      ],
      [
        [
          3106.736013705156,
          -2241.0510770386745
        ],
        [
          -2241.0510770386745,
          1892.3844846323454
        ]
      ],
      [
        [
          163.16515190391024,
          532.5983709583275
        ],
        [
          532.5983709583276,
          3193.5109903053967
        ]
      ],
      [
        [
          3096.4611040936666,
          -3850.0908804092046
        ],
        [
          -3850.0908804092046,
          5820.796367297444
        ]
      ],
      [
        [
          2109.9048334168288,
          -198.76461251488792
        ],
        [
          -198.76461251488792,
          172.12475808229883
        ]
      ],
      [
        [
          1698.9914498127698,
          1656.7661362433034
        ],
        [
          1656.7661362433034,
          1943.4610010297679
        ]
      ],
      [
        [
          3617.988141638153,
          -181.19470543102258
        ],
        [
          -181.19470543102258,
          339.4992248386608
        ]
      ]
    ],
    [
      [
        [
          0.015274240175943378,
          0.11355420488468225
        ],
        [
          0.0,
          0.13305665707897446
        ]
      ],
      [
        [
          0.02324113963721308,
          -0.04330689126380867
        ],
        [
          0.0,
          0.07591652710115139
        ]
      ],
      [
        [
          0.018993670015114306,
          -0.01110313026021488
        ],
        [
          0.0,
          0.015814205114755887
        ]
      ],
      [
        [
          0.0166216348773195,
          0.18852083250934804
        ],
        [
          0.0,
          0.12885917666246768
        ]
      ],
      [
        [
          1.4472513580213457,
          0.3284591728156926
        ],
        [
          0.0,
          0.0525089048933893
        ]
      ],
      [
        [
          0.021344254573492438,
          -0.1476214642922866
        ],
        [
          0.0,
          0.14565505073525334
        ]
      ],
      [
        [
          0.01794104865892215,
          0.04343626509625838
        ],
        [
          0.0,
          0.060215052864259794
        ]
      ],
      [
        [
          0.07828639507886757,
          -0.08557321154317996
        ],
        [
          0.0,
          0.02621593835374477
        ]
      ],
      [
        [
          0.01797079067333889,
          0.03867387892694211
        ],
        [
          0.0,
          0.03110372340846566
        ]
      ],
      [
        [
          0.021770508168503514,
          0.007606125056272851
        ],
        [
          0.0,
          0.08073972432392054
        ]
      ],
      [
        [
          0.024260760098999988,
          -0.053854088740807396
        ],
        [
          0.0,
          0.05522664563603387
        ]
      ],
      [
        [
          0.016625182847177452,
          0.0027551301011852158
        ],
        [
          0.0,
          0.05501279968996156
        ]
      ]
    ]
  ]
}