{
  "model_type": "gmm",
  "n_gauss": 12,
  "score_avg": -11.58594790291386,
  "labels_avg": [
    0.07820161498996227,
    0.09747290860418346,
    0.0771579147055159,
    0.10543372670473748,
    0.07631292798855534,
    0.07681854655985082,
    0.08926644693674958,
    0.08158874268710214,
    0.09382075589620538,
    0.049524849629240725,
    0.08364452777880338,
    0.09075703751909349
  ],
  "params": [
    [
      0.07257127374278304,
      0.08931365502059237,
      0.07700904746417857,
      0.09522417495910863,
      0.08467520600851496,
      0.08536641190395468,
      0.08166239317809716,
      0.08182427587127518,
      0.10202590093700833,
      0.0640115327105576,
      0.07529441075039076,
      0.09102171745353879
    ],
    [
      [
        784.2796635825932,
        297.9176256229851
      ],
      [
        267.02690885068665,
        707.354055420059
      ],
      [
        92.52627933827254,
        609.8402846323937
      ],
      [
        971.7033326069819,
        477.32982910326746
      ],
      [
        587.4228051954237,
        388.56839715969505
      ],
      [
        430.2379695057955,
        584.7705186149188
      ],
      [
        508.9954575471324,
        489.4900476239974
      ],
      [
        174.86850751894607,
        680.1192897490054
      ],
      [
        886.5273915055747,
        366.8887949076014
      ],
      [
        354.6111168948408,
        660.9990280251974
      ],
      [
        26.795921916152384,
        531.3545513891684
      ],
      [
        673.1757670053122,
        311.68481652942387
      ]
    ],
    [
      [
        [
          1360.726394294726,
          321.26199200547296
        ],
        [
          321.26199200547296,
          204.85282721130795
        ]
      ],
      [
        [
          1356.5225006104997,
          -114.13896802980167
        ],
        [
          -114.13896802980165,
          96.95430676925602
        ]
      ],
      [
        [
          963.7345473383576,
          803.7561858938473
        ],
        [
          803.7561858938473,
          1078.5608249088257
        ]
      ],
      [
        [
          538.814094006726,
          635.6998744994495
        ],
        [
          635.6998744994495,
          1682.6625810432452
        ]
      ],
      [
        [
          1225.3273979120643,
          -1063.576127024481
        ],
        [
          -1063.576127024481,
          1442.4666649322276
        ]
      ],
      [
        [
          1075.435844052875,
          -1406.3822786464636
        ],
        [
          -1406.3822786464636,
          2231.76324579595
        ]
      ],
      [
        [
          1027.0990155551365,
          -1212.9887603978075
        ],
        [
          -1212.9887603978075,
          2288.880391742071
        ]
      ],
      [
        [
          1128.906351842985,
          465.4120279516646
        ],
        [
          465.4120279516646,
          464.30526843461126
        ]
      ],
      [
        [
          1494.3530769436218,
          1366.1030657753265
        ],
        [
          1366.1030657753265,
          1474.2172311662086
        ]
      ],
      [
        [
          994.0140561509888,
          -901.9141805690664
        ],
        [
          -901.9141805690663,
          905.4496416602394
        ]
      ],
      [
        [
          439.41639926221086,
          556.9398231938146
        ],
        [
          556.939823193815,
          955.6029953497907
        ]
      ],
      [
        [
          1553.64225995525,
          -547.2893913092078
        ],
        [
          -547.2893913092078,
          380.33960018517945
        ]
      ]
    ],
    [
      [
        [
          0.027109068534685928,
          -0.02078675328959681
        ],
        [
          0.0,
          0.0880436670278918
        ]
      ],
      [
        [
          0.027151041846784983,
          0.009002727461905882
        ],
        [
          0.0,
          0.10699590665434025
        ]
      ],
      [
        [
          0.032212266704204906,
          -0.04127775946099806
        ],
        [
          0.0,
          0.04949361949239226
        ]
      ],
      [
        [
          0.04308047929032945,
          -0.03863247450505239
        ],
        [
          0.0,
          0.032744574263237125
        ]
      ],
      [
        [
          0.028567611285125152,
          0.03809005792779824
        ],
        [
          0.0,
          0.04388288753487085
        ]
      ],
      [
        [
          0.030493533099906763,
          0.06600067508884802
        ],
        [
          0.0,
          0.05046955781506804
        ]
      ],
      [
        [
          0.031202819837285664,
          0.04035679183250365
        ],
        [
          0.0,
          0.03417213952463512
        ]
      ],
      [
        [
          0.02976261192967303,
          -0.02497765245225019
        ],
        [
          0.0,
          0.060585951402184646
        ]
      ],
      [
        [
          0.025868627605071373,
          -0.06089678535624285
        ],
        [
          0.0,
          0.06661378694837299
        ]
      ],
      [
        [
          0.03171784972456194,
          0.09722074689915947
        ],
        [
          0.0,
          0.10714854145689066
        ]
      ],
      [
        [
          0.04770477694049388,
          -0.08020769574794913
        ],
        [
          0.0,
          0.06328255834996672
        ]
      ],
      [
        [
          0.02537023482916528,
          0.025722144726071244
        ],
        [
          0.0,
          0.07301988983837442
        ]
      ]
    ]
  ]
}