{
  "model_type": "gmm",
  "n_gauss": 7,
  "score_avg": -12.522923581199942,
  "labels_avg": [
    0.13409827249216372,
    0.12530688961308323,
    0.1089022504525856,
    0.1914667361816111,
    0.1528372267692556,
    0.1242983921119347,
    0.16309023237936607
  ],
  "params": [
    [
      0.13664933548262675,
      0.13434836813334708,
      0.1187118268611669,
      0.1834655662347494,
      0.14287656304102794,
      0.12236097866710072,
      0.1615873615799812
    ],
    [
      [
        64.23520689348761,
        831.9890269311823
      ],
      [
        566.2581994250944,
        523.8494055905162
      ],
      [
        834.5585390189786,
        652.1338164804209
      ],
      [
        338.6698974590712,
        196.15996944773931
      ],
      [
        968.0367977403278,
        893.5415905509117
      ],
      [
        261.36101063329966,
        588.150651848417
      ],
      [
        666.9159066927443,
        197.75191084836612
      ]
    ],
    [
      [
        [
          1993.5983280411479,
          -4036.9546529230865
        ],
        [
          -4036.9546529230856,
          9447.663264057685
        ]
      ],
      [
        [
          14029.33003930967,
          499.64436513847215
        ],
        [
          499.6443651384721,
          494.22701353192986
        ]
      ],
      [
        [
          4727.7350949637985,
          4704.404532989008
        ],
        [
          4704.404532989008,
          5004.967211458836
        ]
      ],
      [
        [
          284.990396826991,
          -513.7684842228687
        ],
        [
          -513.7684842228687,
          15848.376336694899
        ]
      ],
      [
        [
          517.8580799642339,
          1166.4553908690127
        ],
        [
          1166.4553908690127,
          6304.73211184394
        ]
      ],
      [
        [
          8589.278641868483,
          -5633.532509514716
        ],
        [
          -5633.532509514716,
          4371.7726136729
        ]
      ],
      [
        [
          458.4208954681712,
          350.50410214341616
        ],
        [
          350.5041021434161,
          15510.79388569301
        ]
      ]
    ],
    [
      [
        [
          0.022396552348848086,
          0.05675481083088893
        ],
        [
          0.0,
          0.02802763610406786
        ]
      ],
      [
        [
          0.00844270343066007,
          -0.0016316362755702909
        ],
        [
          0.0,
          0.04581411382022022
        ]
      ],
      [
        [
          0.014543650617769577,
          -0.05530033791787918
        ],
        [
          0.0,
          0.05557458898450678
        ]
      ],
      [
        [
          0.059235885771087134,
          0.014757783932386264
        ],
        [
          0.0,
          0.008186229456132421
        ]
      ],
      [
        [
          0.04394349768045066,
          -0.0371441741319898
        ],
        [
          0.0,
          0.016490481203502317
        ]
      ],
      [
        [
          0.010790005203326103,
          0.025210225210552255
        ],
        [
          0.0,
          0.038437276893666814
        ]
      ],
      [
        [
          0.04670547544696571,
          -0.006192931798249894
        ],
        [
          0.0,
          0.008099675077027782
        ]
      ]
    ]
  ]
}