{
  "model_type": "gmm",
  "n_gauss": 7,
  "score_avg": -12.554568834307972,
  "labels_avg": [
    0.1396949978068115,
    0.135271323032087,
    0.13650331633964824,
    0.1845997307826784,
    0.1561767960989805,
    0.11992011511303158,
    0.1278337208267628
  ],
  "params": [
    [
      0.13902735374249914,
      0.1378151721537102,
      0.13271947716610746,
      0.17631832078009385,
      0.15505979176971463,
      0.1276305464781959,
      0.13142933790967873
    ],
    [
      [
        959.6143472257327,
        895.0707305867192
      ],
      [
        67.37625335433226,
        821.7549212376244
      ],
      [
        276.0132690146571,
        581.4815981092717
      ],
      [
        331.33723228867035,
        210.76859587444395
      ],
      [
        659.3831899760986,
        206.81458961460763
      ],
      [
        823.9371325584826,
        647.2201840440872
      ],
      [
        572.8309467342855,
        524.3774101721159
      ]
    ],
    [
      [
        [
          805.1791078107602,
          1422.947500410103
        ],
        [
          1422.947500410103,
          5972.97839876896
        ]
      ],
      [
        [
          2232.3155983176293,
          -3946.362836714719
        ],
        [
          -3946.362836714719,
          9800.439062377814
        ]
      ],
      [
        [
          8846.83829647447,
          -4846.257225729957
        ],
        [
          -4846.257225729958,
          3362.4774835798034
        ]
      ],
      [
        [
          377.7579401820997,
          -371.1819959624732
        ],
        [
          -371.18199596247314,
          16493.05968513132
        ]
      ],
      [
        [
          560.2857600494023,
          15.53606625374937
        ],
        [
          15.53606625374937,
          16525.164678292796
        ]
      ],
      [
        [
          5140.473215000048,
          4834.737953592724
        ],
        [
          4834.737953592724,
          5280.9442435196415
        ]
      ],
      [
        [
          10828.415972378794,
          759.9636104239391
        ],
        [
          759.9636104239391,
          428.41175388052864
        ]
      ]
    ],
    [
      [
        [
          0.035241448552052204,
          -0.030051493961398813
        ],
        [
          0.0,
          0.017004727925131358
        ]
      ],
      [
        [
          0.02116519153794934,
          0.03326708801164797
        ],
        [
          0.0,
          0.01881799584876224
        ]
      ],
      [
        [
          0.010631779364934577,
          0.020591481809849686
        ],
        [
          0.0,
          0.0375897319047271
        ]
      ],
      [
        [
          0.05145092643755827,
          0.007737104762120917
        ],
        [
          0.0,
          0.00787417706059053
        ]
      ],
      [
        [
          0.04224693510557663,
          -0.0002157070019435687
        ],
        [
          0.0,
          0.007779161053896982
        ]
      ],
      [
        [
          0.013947566788479181,
          -0.03472110430157341
        ],
        [
          0.0,
          0.03691676950657259
        ]
      ],
      [
        [
          0.009609870485175585,
          -0.0036238347634888965
        ],
        [
          0.0,
          0.05163456472913852
        ]
      ]
    ]
  ]
}