{
  "model_type": "gmm",
  "n_gauss": 9,
  "score_avg": -12.89209006617017,
  "labels_avg": [
    0.04235354262551511,
    0.1496177885600341,
    0.1121150673363741,
    0.15746257807879946,
    0.11285594410097602,
    0.12032570087548872,
    0.1504953335689678,
    0.09789257301977809,
    0.05688147183406662
  ],
  "params": [
    [
      0.04820885776165266,
      0.15209081181264925,
      0.07867668123511179,
      0.15895314174408706,
      0.09572711600564153,
      0.12299438588486011,
      0.15948118905575634,
      0.1457729339635092,
      0.038094882536732044
    ],
    [
      [
        498.0826813528589,
        493.16052196726446
      ],
      [
        773.2590121173508,
        347.36144735417565
      ],
      [
        500.5407076413724,
        943.0042338218278
      ],
      [
        784.8946288246478,
        671.3421873679745
      ],
      [
        493.39655020472674,
        122.91430137291565
      ],
      [
        278.2318107637472,
        640.3353786889197
      ],
      [
        310.7286265329719,
        397.7057875100477
      ],
      [
        497.0134538248656,
        591.7439028020395
      ],
      [
        497.8675654183884,
        748.7899457347129
      ]
    ],
    [
      [
        [
          1916.8993825374678,
          577.889199378193
        ],
        [
          577.889199378193,
          5359.2859723147085
        ]
      ],
      [
        [
          17444.90246630809,
          -10179.251817727476
        ],
        [
          -10179.251817727476,
          6325.900584049749
        ]
      ],
      [
        [
          1076.4791793182217,
          -47.30098090894185
        ],
        [
          -47.30098090894181,
          2018.3510835797285
        ]
      ],
      [
        [
          13716.450564082972,
          7634.739433449924
        ],
        [
          7634.739433449924,
          4609.875075246221
        ]
      ],
      [
        [
          437.80457462358805,
          64.45264038855265
        ],
        [
          64.45264038855264,
          10355.859356302273
        ]
      ],
      [
        [
          19982.537213215466,
          -11552.409713981377
        ],
        [
          -11552.409713981377,
          7233.777770196852
        ]
      ],
      [
        [
          26858.843003044803,
          15643.052098277303
        ],
        [
          15643.052098277303,
          9357.822279166689
        ]
      ],
      [
        [
          29.914209314379736,
          429.3215178986559
        ],
        [
          429.3215178986559,
          50637.6857761874
        ]
      ],
      [
        [
          958.4477850418452,
          -28.98137978240604
        ],
        [
          -28.981379782406076,
          5379.545507877324
        ]
      ]
    ],
    [
      [
        [
          0.022840223075483636,
          -0.004186662762023086
        ],
        [
          0.0,
          0.013887456751311462
        ]
      ],
      [
        [
          0.007571217582468948,
          0.029691391285813887
        ],
        [
          0.0,
          0.05088423337439831
        ]
      ],
      [
        [
          0.030478752186512022,
          0.00097856545952873
        ],
        [
          0.0,
          0.022270264221592687
        ]
      ],
      [
        [
          0.008538451752086156,
          -0.02932428059888875
        ],
        [
          0.0,
          0.05268353277384881
        ]
      ],
      [
        [
          0.047792511397811314,
          -0.0014473261179923954
        ],
        [
          0.0,
          0.009831187544983975
        ]
      ],
      [
        [
          0.007074156848620799,
          0.024539215590137404
        ],
        [
          0.0,
          0.0424461909552586
        ]
      ],
      [
        [
          0.0061017772545745586,
          -0.037055341161823616
        ],
        [
          0.0,
          0.06362336355060072
        ]
      ],
      [
        [
          0.18283579981301407,
          -0.06805208760882245
        ],
        [
          0.0,
          0.004741724577362947
        ]
      ],
      [
        [
          0.03230098536213884,
          0.00041229985639350156
        ],
        [
          0.0,
          0.01363523362587863
        ]
      ]
    ]
  ]
}