{
  "model_type": "gmm",
  "n_gauss": 9,
  "score_avg": -12.655605539630248,
  "labels_avg": [
    0.09297406976130244,
    0.11171757499658237,
    0.11360248392480889,
    0.165454290601929,
    0.06041412776930017,
    0.15094132533502722,
    0.12228613065780682,
    0.06306751962909808,
    0.11954247732414502
  ],
  "params": [
    [
      0.09536460066310591,
      0.11452301563836369,
      0.08118091319150374,
      0.15733816669521689,
      0.05948438389440994,
      0.17900038103585103,
      0.13618511565217237,
      0.0496191816837687,
      0.12730424154560774
    ],
    [
      [
        858.3511090495415,
        707.7596662353767
      ],
      [
        610.1618428721403,
        572.5284943773875
      ],
      [
        493.92469578305804,
        930.9055927627701
      ],
      [
        767.0631645307343,
        349.1743596069525
      ],
      [
        488.5161977853825,
        550.0650103458331
      ],
      [
        494.5971854060885,
        509.70223735178524
      ],
      [
        261.78632379506263,
        368.9778121983256
      ],
      [
        492.8538210832016,
        68.72480354276146
      ],
      [
        286.3177322265599,
        630.1977943164808
      ]
    ],
    [
      [
        [
          3624.142770075086,
          2213.0396702773796
        ],
        [
          2213.0396702773796,
          1578.9100593389492
        ]
      ],
      [
        [
          14380.058208970118,
          8562.9498243464
        ],
        [
          8562.9498243464,
          5618.749674088967
        ]
      ],
      [
        [
          731.6087400594233,
          179.07658193220527
        ],
        [
          179.07658193220527,
          3375.662458384696
        ]
      ],
      [
        [
          17127.420190967754,
          -9762.719833513958
        ],
        [
          -9762.719833513958,
          5853.329373455449
        ]
      ],
      [
        [
          1196.2287897863207,
          2064.7090648204357
        ],
        [
          2064.7090648204357,
          46536.23097176213
        ]
      ],
      [
        [
          52.359895168698,
          -63.90142866214936
        ],
        [
          -63.90142866214936,
          61962.44116493939
        ]
      ],
      [
        [
          17915.304345175093,
          10436.347238543907
        ],
        [
          10436.347238543907,
          6284.440295072412
        ]
      ],
      [
        [
          333.64261537567216,
          -2.9688240735124634
        ],
        [
          -2.9688240735124456,
          3716.7292518387203
        ]
      ],
      [
        [
          21797.176695660062,
          -12565.816281600597
        ],
        [
          -12565.816281600597,
          7709.5639093347245
        ]
      ]
    ],
    [
      [
        [
          0.01661106015554505,
          -0.040481023364161525
        ],
        [
          0.0,
          0.06629298612260227
        ]
      ],
      [
        [
          0.008339109527547087,
          -0.026119884156404836
        ],
        [
          0.0,
          0.04386402609912845
        ]
      ],
      [
        [
          0.036970945503607015,
          -0.004240514114086383
        ],
        [
          0.0,
          0.01732441592717826
        ]
      ],
      [
        [
          0.0076410672810907874,
          0.03355716049899422
        ],
        [
          0.0,
          0.058871666716174366
        ]
      ],
      [
        [
          0.02891298126449911,
          -0.008326246124692576
        ],
        [
          0.0,
          0.004823970357329861
        ]
      ],
      [
        [
          0.13819763655028514,
          0.004905926273067401
        ],
        [
          0.0,
          0.004019844168450088
        ]
      ],
      [
        [
          0.007471157722298608,
          -0.040699085148565954
        ],
        [
          0.0,
          0.06986510513121685
        ]
      ],
      [
        [
          0.05474686330667844,
          0.0001459566969593321
        ],
        [
          0.0,
          0.01640291674389841
        ]
      ],
      [
        [
          0.006773293231468769,
          0.026719111421506625
        ],
        [
          0.0,
          0.04634805887289514
        ]
      ]
    ]
  ]
}