{
  "model_type": "gmm",
  "n_gauss": 5,
  "score_avg": -12.160897922558156,
  "labels_avg": [
    0.13772209172657024,
    0.2166818839806384,
    0.17640060993702503,
    0.24421840784771082,
    0.22497700650805558
  ],
  "params": [
    [
      0.13248214608359998,
      0.17136417021360495,
      0.16683450748642953,
      0.2614813358729275,
      0.267837840343438
    ],
    [
      [
        866.7831418556896,
        253.4232333632687
      ],
      [
        40.2203251609791,
        499.4883417697537
      ],
      [
        894.7892610616101,
        741.1692544241536
      ],
      [
        382.8768681612422,
        389.792910043851
      ],
      [
        427.4140464840264,
        619.7090458426784
      ]
    ],
    [
      [
        [
          9445.442995951846,
          -2289.583074568635
        ],
        [
          -2289.583074568635,
          894.8600379357514
        ]
      ],
      [
        [
          1344.6553100946253,
          -248.0772641014419
        ],
        [
          -248.0772641014419,
          736.4270208459893
        ]
      ],
      [
        [
          7081.417213017292,
          2079.783338953184
        ],
        [
          2079.7833389531843,
          913.7193987612521
        ]
      ],
      [
        [
          39130.84467278665,
          -11232.65012708814
        ],
        [
          -11232.650127088142,
          3765.8052439165494
        ]
      ],
      [
        [
          48209.92393784254,
          12963.105636116532
        ],
        [
          12963.10563611653,
          3881.505241985252
        ]
      ]
    ],
    [
      [
        [
          0.010289371180551371,
          0.013148674684042972
        ],
        [
          0.0,
          0.05424352519894559
        ]
      ],
      [
        [
          0.027270588766746238,
          0.0070201142789037526
        ],
        [
          0.0,
          0.03805118529015641
        ]
      ],
      [
        [
          0.01188337791726894,
          -0.016875299459317376
        ],
        [
          0.0,
          0.05745840628100224
        ]
      ],
      [
        [
          0.005055223819441707,
          0.012336468302781853
        ],
        [
          0.0,
          0.042976182780123065
        ]
      ],
      [
        [
          0.004554406355628897,
          -0.013514349802543915
        ],
        [
          0.0,
          0.05026000669429265
        ]
      ]
    ]
  ]
}