{
  "model_type": "gmm",
  "n_gauss": 5,
  "score_avg": -12.044269784665094,
  "labels_avg": [
    0.14357628675451253,
    0.2579328706525858,
    0.1340643101474857,
    0.26768930826512183,
    0.19673722418029407
  ],
  "params": [
    [
      0.12175288240380817,
      0.28696260465557616,
      0.16206780670729476,
      0.2831332341029451,
      0.14608347213037587
    ],
    [
      [
        881.8245928563805,
        260.3507709561377
      ],
      [
        422.4842632519666,
        622.7239319609499
      ],
      [
        876.9045545685987,
        729.0552663492273
      ],
      [
        363.8894172485854,
        403.13049812387163
      ],
      [
        34.426201353532605,
        499.1973505284248
      ]
    ],
    [
      [
        [
          8527.579165864667,
          -2518.8882381704325
        ],
        [
          -2518.888238170433,
          918.2194776470573
        ]
      ],
      [
        [
          59666.78222867032,
          16874.06824649574
        ],
        [
          16874.06824649574,
          5120.010626490018
        ]
      ],
      [
        [
          9626.692842677225,
          3037.2662985166758
        ],
        [
          3037.2662985166758,
          1022.2603306540947
        ]
      ],
      [
        [
          37916.947901235806,
          -9586.8876802656
        ],
        [
          -9586.8876802656,
          2741.193385027604
        ]
      ],
      [
        [
          895.5772686059445,
          -249.47931599601736
        ],
        [
          -249.4793159960173,
          636.4319897102873
        ]
      ]
    ],
    [
      [
        [
          0.010828969239327645,
          0.022380798443446887
        ],
        [
          0.0,
          0.07576915387892669
        ]
      ],
      [
        [
          0.004093866641227075,
          -0.015161279168529527
        ],
        [
          0.0,
          0.053610352242387777
        ]
      ],
      [
        [
          0.010192047580724312,
          -0.03944156004508376
        ],
        [
          0.0,
          0.12501102849475648
        ]
      ],
      [
        [
          0.005135506864688551,
          0.014195192687939031
        ],
        [
          0.0,
          0.056143182182528305
        ]
      ],
      [
        [
          0.033415538868436075,
          0.011699433960226673
        ],
        [
          0.0,
          0.04199846014690331
        ]
      ]
    ]
  ]
}