{
  "model_type": "gmm",
  "n_gauss": 4,
  "score_avg": -12.526967079747815,
  "labels_avg": [
    0.28095052361585415,
    0.2539735173130987,
    0.30707178623347703,
    0.1580041728375701
  ],
  "params": [
    [
      0.27550489299419073,
      0.2646028916442076,
      0.31947198285130013,
      0.14042023251030167
    ],
    [
      [
        799.656236697999,
        803.664850003986
      ],
      [
        262.90550362188003,
        275.80891600882615
      ],
      [
        383.9438293162973,
        607.1968819733534
      ],
      [
        894.9757713383834,
        94.1087287943718
      ]
    ],
    [
      [
        [
          22304.57578742474,
          21525.04130329649
        ],
        [
          21525.04130329649,
          21406.56320296169
        ]
      ],
      [
        [
          30794.826821126906,
          31615.23968251035
        ],
        [
          31615.23968251035,
          32788.92107580832
        ]
      ],
      [
        [
          59531.79515968622,
          -59664.24548933663
        ],
        [
          -59664.24548933663,
          60550.09591617407
        ]
      ],
      [
        [
          6185.540191210779,
          -5762.404636506378
        ],
        [
          -5762.404636506378,
          5794.837245392573
        ]
      ]
    ],
    [
      [
        [
          0.006695808373030253,
          -0.038332733574061036
        ],
        [
          0.0,
          0.039720962626485896
        ]
      ],
      [
        [
          0.005698507404736132,
          -0.056394245729759526
        ],
        [
          0.0,
          0.05493081970581236
        ]
      ],
      [
        [
          0.004098505390561939,
          0.03652054834198471
        ],
        [
          0.0,
          0.03643947535384521
        ]
      ],
      [
        [
          0.01271484831276583,
          0.045102869022480216
        ],
        [
          0.0,
          0.04841478977543827
        ]
      ]
    ]
  ]
}