{
  "model_type": "gmm",
  "n_gauss": 4,
  "score_avg": -12.636224492977322,
  "labels_avg": [
    0.21085657405210315,
    0.2729190729142997,
    0.3011693056951999,
    0.21505504733839723
  ],
  "params": [
    [
      0.2327767911324075,
      0.248986882261724,
      0.30304292873292266,
      0.2151933978729458
    ],
    [
      [
        832.2438995973592,
        833.8242333369734
      ],
      [
        813.6743334804161,
        179.54312504429933
      ],
      [
        299.61271574397716,
        312.9127185922452
      ],
      [
        222.94560966103762,
        765.4643334380727
      ]
    ],
    [
      [
        [
          16519.551172824362,
          15511.391169740713
        ],
        [
          15511.391169740713,
          15106.045472820864
        ]
      ],
      [
        [
          24002.679126312552,
          -23534.691464552463
        ],
        [
          -23534.69146455246,
          23863.726875932403
        ]
      ],
      [
        [
          41394.02764136778,
          43048.48360818412
        ],
        [
          43048.48360818412,
          45082.67080832516
        ]
      ],
      [
        [
          27676.820879333056,
          -28383.801197140543
        ],
        [
          -28383.801197140543,
          30390.0565360215
        ]
      ]
    ],
    [
      [
        [
          0.007780381243317549,
          -0.04035880494022094
        ],
        [
          0.0,
          0.04298191801033415
        ]
      ],
      [
        [
          0.006454611988715581,
          0.034931210255345096
        ],
        [
          0.0,
          0.03562581784918041
        ]
      ],
      [
        [
          0.004915086409480834,
          -0.058725750185165626
        ],
        [
          0.0,
          0.056468779447614685
        ]
      ],
      [
        [
          0.006010933156067845,
          0.028651225735105385
        ],
        [
          0.0,
          0.027937584438962864
        ]
      ]
    ]
  ]
}