{
  "model_type": "gmm",
  "n_gauss": 2,
  "score_avg": -12.027539246833195,
  "labels_avg": [
    0.39378710517594934,
    0.6062128948240506
  ],
  "params": [
    [
      0.3567917805936896,
      0.6432082194063105
    ],
    [
      [
        520.1103033306634,
        987.7124171826509
      ],
      [
        496.83731833056817,
        487.5128842374811
      ]
    ],
    [
      [
        [
          31263.07876604656,
          -110.65467061017524
        ],
        [
          -110.65467061017524,
          121.4734727583416
        ]
      ],
      [
        [
          290.3399727706166,
          -44.042677265545116
        ],
        [
          -44.042677265545116,
          93425.52434572541
        ]
      ]
    ],
    [
      [
        [
          0.00565567086615946,
          0.0003216611019390148
        ],
        [
          0.0,
          0.09087837242152563
        ]
      ],
      [
        [
          0.05868763168839823,
          0.000496306126543338
        ],
        [
          0.0,
          0.0032717699334597764
        ]
      ]
    ]
  ]
}