{
  "model_type": "gmm",
  "n_gauss": 2,
  "score_avg": -12.404032868037028,
  "labels_avg": [
    0.5950573775703328,
    0.40494262242966717
  ],
  "params": [
    [
      0.6488027384912906,
      0.35119726150870945
    ],
    [
      [
        505.3438678402646,
        455.69549216400776
      ],
      [
        497.3498584076881,
        986.9992552294698
      ]
    ],
    [
      [
        [
          617.1052130777122,
          1383.32248448987
        ],
        [
          1383.32248448987,
          99204.85912141671
        ]
      ],
      [
        [
          35042.43980330265,
          81.8032960090225
        ],
        [
          81.80329600902252,
          184.0507400052907
        ]
      ]
    ],
    [
      [
        [
          0.040255052038995265,
          -0.007230920379105815
        ],
        [
          0.0,
          0.0032257399928994944
        ]
      ],
      [
        [
          0.00534198706402268,
          -0.00017216033578898072
        ],
        [
          0.0,
          0.0737490846669103
        ]
      ]
    ]
  ]
}