{
  "model_type": "gmm",
  "n_gauss": 2,
  "score_avg": -11.898070581151952,
  "labels_avg": [
    0.5505836521333731,
    0.44941634786662693
  ],
  "params": [
    [
      0.5804488672501622,
      0.41955113274983774
    ],
    [
      [
        479.0614380216454,
        603.0577664159163
      ],
      [
        857.4351371546264,
        503.80834569229927
      ]
    ],
    [
      [
        [
          96386.24576327682,
          400.4131588286253
        ],
        [
          400.4131588286253,
          254.89829442293635
        ]
      ],
      [
        [
          12218.842036576229,
          8583.287902448616
        ],
        [
          8583.287902448616,
          6463.397023150519
        ]
      ]
    ],
    [
      [
        [
          0.0032210129253373273,
          -0.00026105470092303406
        ],
        [
          0.0,
          0.06284029884141629
        ]
      ],
      [
        [
          0.00904659138940609,
          -0.033721165295373876
        ],
        [
          0.0,
          0.04800416771711759
        ]
      ]
    ]
  ]
}