{
  "model_type": "gmm",
  "n_gauss": 2,
  "score_avg": -11.72300066180869,
  "labels_avg": [
    0.4138510246858558,
    0.5861489753141442
  ],
  "params": [
    [
      0.39443196587689344,
      0.6055680341231066
    ],
    [
      [
        847.3310780233576,
        496.5136003350307
      ],
      [
        489.368270535176,
        605.998887466884
      ]
    ],
    [
      [
        [
          12440.54561699528,
          8669.857187462429
        ],
        [
          8669.857187462429,
          6293.764524335236
        ]
      ],
      [
        [
          98001.80204748064,
          505.5652480370625
        ],
        [
          505.5652480370626,
          117.62014747125899
        ]
      ]
    ],
    [
      [
        [
          0.008965619138144741,
          -0.04392584368745028
        ],
        [
          0.0,
          0.06303004194221022
        ]
      ],
      [
        [
          0.0031943534558663564,
          -0.0004810292002882155
        ],
        [
          0.0,
          0.09324558728816679
        ]
      ]
    ]
  ]
}