{
  "model_type": "gmm",
  "n_gauss": 4,
  "score_avg": -11.997850458776202,
  "labels_avg": [
    0.1856844339893134,
    0.38205663028724585,
    0.22327082499226403,
    0.20898811073117682
  ],
  "params": [
    [
      0.16773180127254925,
      0.35092757733265956,
      0.2552238643312326,
      0.2261167570635587
    ],
    [
      [
        689.1081852866103,
        482.51825632701593
      ],
      [
        198.09209756843745,
        475.0540604671961
      ],
      [
        894.3553634704606,
        635.8599531650614
      ],
      [
        498.88750683505293,
        390.2652180076473
      ]
    ],
    [
      [
        [
          2172.4576366121046,
          -3165.0430405821785
        ],
        [
          -3165.0430405821785,
          5486.277095650708
        ]
      ],
      [
        [
          15097.283709134888,
          -24848.34718713908
        ],
        [
          -24848.34718713908,
          41462.499173904966
        ]
      ],
      [
        [
          6280.908304410357,
          10255.864928727757
        ],
        [
          10255.864928727757,
          16942.49275249695
        ]
      ],
      [
        [
          7680.179279521081,
          11797.431544671443
        ],
        [
          11797.431544671443,
          18657.80188320455
        ]
      ]
    ],
    [
      [
        [
          0.021454793646386118,
          0.049248073413516634
        ],
        [
          0.0,
          0.03380344336674427
        ]
      ],
      [
        [
          0.008138616635535896,
          0.06923956867443695
        ],
        [
          0.0,
          0.04206836794026852
        ]
      ],
      [
        [
          0.012617949165985364,
          -0.11661320690939474
        ],
        [
          0.0,
          0.07141639098907279
        ]
      ],
      [
        [
          0.011410753430936288,
          -0.0663545697115472
        ],
        [
          0.0,
          0.043197113665841974
        ]
      ]
    ]
  ]
}