{
  "model_type": "gmm",
  "n_gauss": 4,
  "score_avg": -12.174163179863646,
  "labels_avg": [
    0.19532025720942062,
    0.231288030224076,
    0.36878814564094137,
    0.204603566925562
  ],
  "params": [
    [
      0.17892847493666675,
      0.23300105563611564,
      0.35477929475734904,
      0.23329117466986854
    ],
    [
      [
        688.7387385855595,
        478.09314820395247
      ],
      [
        502.6234244798505,
        392.67150986231485
      ],
      [
        209.56130418691816,
        458.0602147396792
      ],
      [
        898.1867014997785,
        640.3904270693392
      ]
    ],
    [
      [
        [
          3116.5546214974124,
          -3888.556946029141
        ],
        [
          -3888.556946029141,
          6242.347405922946
        ]
      ],
      [
        [
          7080.107863171749,
          11054.080969734589
        ],
        [
          11054.080969734589,
          18022.80553017681
        ]
      ],
      [
        [
          15813.321356621469,
          -25667.51970838842
        ],
        [
          -25667.51970838842,
          42405.08400880753
        ]
      ],
      [
        [
          6021.339713726851,
          9995.463220274953
        ],
        [
          9995.463220274953,
          17073.087695346905
        ]
      ]
    ],
    [
      [
        [
          0.01791276500852205,
          0.033459510937899055
        ],
        [
          0.0,
          0.02681673301789704
        ]
      ],
      [
        [
          0.011884476684409156,
          -0.05647756111527167
        ],
        [
          0.0,
          0.03617371951949786
        ]
      ],
      [
        [
          0.007952221194449608,
          0.059562203758900194
        ],
        [
          0.0,
          0.036695258421881746
        ]
      ],
      [
        [
          0.012887047669098924,
          -0.0757249359220119
        ],
        [
          0.0,
          0.04561725194103497
        ]
      ]
    ]
  ]
}