{
  "model_type": "gmm",
  "n_gauss": 2,
  "score_avg": -11.931355470876277,
  "labels_avg": [
    0.4910787515511604,
    0.5089212484488396
  ],
  "params": [
    [
      0.4508244964136511,
      0.5491755035863489
    ],
    [
      [
        515.5936278876226,
        12.250901542910519
      ],
      [
        496.65390326070576,
        575.988544070126
      ]
    ],
    [
      [
        [
          30352.42268294523,
          -502.38539236605004
        ],
        [
          -502.38539236605004,
          132.68660855741714
        ]
      ],
      [
        [
          357.5420597242111,
          94.96235699792521
        ],
        [
          94.96235699792521,
          98511.54773112127
        ]
      ]
    ],
    [
      [
        [
          0.005739886691195898,
          0.0014841699383535824
        ],
        [
          0.0,
          0.08966851741064463
        ]
      ],
      [
        [
          0.052885477649220906,
          -0.0008463234598697246
        ],
        [
          0.0,
          0.003186486125669283
        ]
      ]
    ]
  ]
}