{
  "model_type": "gmm",
  "n_gauss": 2,
  "score_avg": -11.99471864451698,
  "labels_avg": [
    0.536847171107116,
    0.463152828892884
  ],
  "params": [
    [
      0.5657015439028061,
      0.43429845609719375
    ],
    [
      [
        494.7991763190899,
        571.6599427676317
      ],
      [
        520.9088159521098,
        13.496155697021903
      ]
    ],
    [
      [
        [
          314.60981351093096,
          -66.89428425198174
        ],
        [
          -66.89428425198174,
          95612.22964279789
        ]
      ],
      [
        [
          29385.349556708083,
          -456.57310628506536
        ],
        [
          -456.57310628506536,
          191.19050249325124
        ]
      ]
    ],
    [
      [
        [
          0.056378545494843765,
          0.000687689397652778
        ],
        [
          0.0,
          0.0032342648638560697
        ]
      ],
      [
        [
          0.005833572092797122,
          0.001145134949396947
        ],
        [
          0.0,
          0.07370164890225207
        ]
      ]
    ]
  ]
}