{
  "model_type": "gmm",
  "n_gauss": 4,
  "score_avg": -12.457886777003834,
  "labels_avg": [
    0.20611736550184132,
    0.3235391934676398,
    0.26296834001683816,
    0.20737510101368067
  ],
  "params": [
    [
      0.220465308693945,
      0.3326589828623869,
      0.2247469422213342,
      0.2221287662223339
    ],
    [
      [
        830.4222519195228,
        505.10080074268245
      ],
      [
        494.51889332748834,
        256.7545073498011
      ],
      [
        494.7135628822488,
        843.5100320780618
      ],
      [
        267.4937603413587,
        503.23451763599274
      ]
    ],
    [
      [
        [
          20844.921845665907,
          195.5403726710692
        ],
        [
          195.5403726710692,
          267.0032353540145
        ]
      ],
      [
        [
          343.5241366740139,
          -91.16419825579649
        ],
        [
          -91.1641982557964,
          39412.27758604255
        ]
      ],
      [
        [
          470.4191206098753,
          469.969223351576
        ],
        [
          469.9692233515758,
          15742.095908905203
        ]
      ],
      [
        [
          35203.99093087701,
          -48.41616953339343
        ],
        [
          -48.41616953339339,
          223.24991192815108
        ]
      ]
    ],
    [
      [
        [
          0.006926277132134468,
          -0.0005760694609467965
        ],
        [
          0.0,
          0.061409941727535104
        ]
      ],
      [
        [
          0.0539537172420554,
          0.0013371638581068767
        ],
        [
          0.0,
          0.005038689186504771
        ]
      ],
      [
        [
          0.04610600755899013,
          -0.008084037195174197
        ],
        [
          0.0,
          0.00809177597037348
        ]
      ],
      [
        [
          0.0053297157792823475,
          9.20592971632072e-05
        ],
        [
          0.0,
          0.06693744452875787
        ]
      ]
    ]
  ]
}