{
  "model_type": "gmm",
  "n_gauss": 4,
  "score_avg": -12.423431568083107,
  "labels_avg": [
    0.15508265525415438,
    0.2978803898298798,
    0.2329256473614314,
    0.3141113075545345
  ],
  "params": [
    [
      0.1383044469462457,
      0.2709314328416645,
      0.26746636030342935,
      0.3232977599086605
    ],
    [
      [
        913.545657991186,
        503.3526996040291
      ],
      [
        494.3538830848372,
        827.4534088076891
      ],
      [
        495.5233039299997,
        229.30419859115867
      ],
      [
        393.375001564095,
        501.70840323826735
      ]
    ],
    [
      [
        [
          4676.378043976843,
          128.78627679835364
        ],
        [
          128.78627679835364,
          474.7450030695995
        ]
      ],
      [
        [
          590.6216544491535,
          332.8190077667232
        ],
        [
          332.8190077667232,
          20285.91817384989
        ]
      ],
      [
        [
          370.56725784799244,
          -84.9354842037571
        ],
        [
          -84.93548420375707,
          30248.233825449875
        ]
      ],
      [
        [
          61588.722782582816,
          -46.32317428208398
        ],
        [
          -46.32317428208402,
          363.087740815912
        ]
      ]
    ],
    [
      [
        [
          0.014623293396275883,
          -0.0012686976502576215
        ],
        [
          0.0,
          0.04606787294114552
        ]
      ],
      [
        [
          0.041147676529014125,
          -0.003974827714891051
        ],
        [
          0.0,
          0.007053741722482317
        ]
      ],
      [
        [
          0.05194771845700168,
          0.0013182928961899417
        ],
        [
          0.0,
          0.0057516147480794096
        ]
      ],
      [
        [
          0.004029483679246036,
          3.9474092916078736e-05
        ],
        [
          0.0,
          0.05248256414592395
        ]
      ]
    ]
  ]
}