{
  "model_type": "gmm",
  "n_gauss": 8,
  "score_avg": -12.903862047924468,
  "labels_avg": [
    0.12162594485607323,
    0.1287717893834333,
    0.1540121138060261,
    0.1758160233730176,
    0.09897640148338463,
    0.1347524436658495,
    0.1215163190849712,
    0.06452896434724444
  ],
  "params": [
    [
      0.11738758433810009,
      0.14070706653316592,
      0.12297739682651385,
      0.1493077251234147,
      0.15435791756747827,
      0.15952605664774347,
      0.1022678231712256,
      0.05346842979235802
    ],
    [
      [
        60.927863804738216,
        620.9988825200761
      ],
      [
        937.9479578852581,
        628.9481066696326
      ],
      [
        477.0933305058241,
        86.47393295617331
      ],
      [
        187.95301445342753,
        894.6412319398298
      ],
      [
        668.0297958697249,
        535.6582739565736
      ],
      [
        333.6398292791402,
        497.4117789343026
      ],
      [
        803.4467221840061,
        921.9882048019529
      ],
      [
        623.2805966259666,
        526.9050657486792
      ]
    ],
    [
      [
        [
          1875.8665895229326,
          4074.944299679607
        ],
        [
          4074.944299679607,
          12697.006162285783
        ]
      ],
      [
        [
          2115.744298275212,
          -5610.131688134393
        ],
        [
          -5610.131688134393,
          19552.19142931862
        ]
      ],
      [
        [
          1253.6606575677895,
          -1058.29001930856
        ],
        [
          -1058.29001930856,
          3322.078207875336
        ]
      ],
      [
        [
          1710.7641349424675,
          281.7917154833621
        ],
        [
          281.7917154833621,
          4848.924158877446
        ]
      ],
      [
        [
          6651.148658014622,
          21592.881918916628
        ],
        [
          21592.881918916628,
          71491.0807572354
        ]
      ],
      [
        [
          4623.033443407703,
          -13225.287980299006
        ],
        [
          -13225.287980299008,
          45248.450441169625
        ]
      ],
      [
        [
          1813.607232121708,
          -19.577322336219584
        ],
        [
          -19.57732233621964,
          2075.02047153697
        ]
      ],
      [
        [
          9861.957175520969,
          17591.784532453843
        ],
        [
          17591.784532453843,
          57575.33929978225
        ]
      ]
    ],
    [
      [
        [
          0.023088675809395054,
          -0.035032506248030115
        ],
        [
          0.0,
          0.01612692178960582
        ]
      ],
      [
        [
          0.021740444054110287,
          0.03877560532010265
        ],
        [
          0.0,
          0.014623411789369012
        ]
      ],
      [
        [
          0.02824294637842364,
          0.01712918391589277
        ],
        [
          0.0,
          0.02029139799090992
        ]
      ],
      [
        [
          0.024177140344513317,
          -0.002376862295900101
        ],
        [
          0.0,
          0.014429986923313182
        ]
      ],
      [
        [
          0.01226172784805938,
          -0.08707686911170923
        ],
        [
          0.0,
          0.026821857467255482
        ]
      ],
      [
        [
          0.014707419582212503,
          0.03322317398540331
        ],
        [
          0.0,
          0.011613497162365741
        ]
      ],
      [
        [
          0.023481637565722073,
          0.00023698506441404733
        ],
        [
          0.0,
          0.021953861684699556
        ]
      ],
      [
        [
          0.010069744326456001,
          -0.011021406289103244
        ],
        [
          0.0,
          0.006178602098987417
        ]
      ]
    ]
  ]
}