{
  "model_type": "gmm",
  "n_gauss": 8,
  "score_avg": -12.881661979545147,
  "labels_avg": [
    0.1480597603381197,
    0.07233841832421085,
    0.12509261548589015,
    0.16275608863647503,
    0.12947165342348899,
    0.11856904894672494,
    0.14012608931131756,
    0.1035863255337727
  ],
  "params": [
    [
      0.16998277824579738,
      0.07680197859346741,
      0.13630872905800462,
      0.13121913491192946,
      0.1395838133883193,
      0.10510882392889895,
      0.11030492125660431,
      0.1306898206169785
    ],
    [
      [
        332.98400453841384,
        495.9728387814358
      ],
      [
        702.1240037720587,
        688.5566885384688
      ],
      [
        68.99418022966893,
        667.9419575437627
      ],
      [
        185.43504533722714,
        907.1699841709875
      ],
      [
        939.8615265419181,
        635.3453718630686
      ],
      [
        807.0931323250654,
        931.9630700437933
      ],
      [
        477.72627415121025,
        79.56461649374876
      ],
      [
        627.4925130523014,
        407.40109681666627
      ]
    ],
    [
      [
        [
          5281.417307347463,
          -14776.195653788722
        ],
        [
          -14776.195653788722,
          47167.86526172173
        ]
      ],
      [
        [
          6970.30372140624,
          11133.71300472911
        ],
        [
          11133.71300472911,
          33686.059171598754
        ]
      ],
      [
        [
          2156.8345841153814,
          5429.5708265832955
        ],
        [
          5429.5708265832955,
          17418.980041424293
        ]
      ],
      [
        [
          1510.1745518698528,
          -132.31945603861246
        ],
        [
          -132.3194560386125,
          4235.603266827395
        ]
      ],
      [
        [
          1986.850004362865,
          -5257.570663053004
        ],
        [
          -5257.570663053005,
          18328.72555796951
        ]
      ],
      [
        [
          1347.8830966351086,
          248.29941036696155
        ],
        [
          248.2994103669615,
          2019.4742709477143
        ]
      ],
      [
        [
          1058.1671898665188,
          -1149.0419781255002
        ],
        [
          -1149.0419781255002,
          3277.4949153299353
        ]
      ],
      [
        [
          5457.106466458213,
          16776.852650272147
        ],
        [
          16776.852650272147,
          54252.47229368886
        ]
      ]
    ],
    [
      [
        [
          0.013760200366683562,
          0.036649890605919735
        ],
        [
          0.0,
          0.013099675389643656
        ]
      ],
      [
        [
          0.011977719789646072,
          -0.01266662805684758
        ],
        [
          0.0,
          0.007929991068102039
        ]
      ],
      [
        [
          0.021532357445551466,
          -0.041104847725176384
        ],
        [
          0.0,
          0.01632842815391476
        ]
      ],
      [
        [
          0.02573276335719898,
          0.0013481372544430846
        ],
        [
          0.0,
          0.015386418861135065
        ]
      ],
      [
        [
          0.022434554982629046,
          0.039819369444669614
        ],
        [
          0.0,
          0.015047846129932419
        ]
      ],
      [
        [
          0.027237916645360214,
          -0.004146475988942358
        ],
        [
          0.0,
          0.02250897369365002
        ]
      ],
      [
        [
          0.03074134424903212,
          0.02410226041578591
        ],
        [
          0.0,
          0.02219607434639572
        ]
      ],
      [
        [
          0.013536886468973119,
          -0.059439028289272465
        ],
        [
          0.0,
          0.019334085623748967
        ]
      ]
    ]
  ]
}