{
  "model_type": "gmm",
  "n_gauss": 8,
  "score_avg": -12.338634462554856,
  "labels_avg": [
    0.192941414892643,
    0.10929137626325851,
    0.13906947981280468,
    0.09115882607122518,
    0.08988803692115405,
    0.09052929432089446,
    0.18176600424020967,
    0.10535556747781047
  ],
  "params": [
    [
      0.187194850079989,
      0.11422839613038191,
      0.12244987037883083,
      0.1030712533312477,
      0.07221553451039742,
      0.09141260669343765,
      0.20818108619097894,
      0.10124640268473653
    ],
    [
      [
        171.26452714018788,
        507.7011489551996
      ],
      [
        733.3742099070365,
        134.2248967915129
      ],
      [
        825.2287852381402,
        931.789064826264
      ],
      [
        363.48067342816375,
        43.03590844988092
      ],
      [
        169.779359087913,
        896.2634361068351
      ],
      [
        558.7492430527232,
        9.129885969576657
      ],
      [
        818.1065099764129,
        553.6810739641799
      ],
      [
        225.8219561436899,
        184.72143763997545
      ]
    ],
    [
      [
        [
          344.44758409060233,
          -995.3982706014037
        ],
        [
          -995.3982706014037,
          27166.497227405314
        ]
      ],
      [
        [
          2455.1481602907115,
          3177.225117309437
        ],
        [
          3177.2251173094373,
          5229.853834112471
        ]
      ],
      [
        [
          514.3418462163876,
          -222.49580791866487
        ],
        [
          -222.49580791866484,
          3027.828535748796
        ]
      ],
      [
        [
          4134.951613587294,
          -1676.506400140891
        ],
        [
          -1676.506400140891,
          997.3779683654262
        ]
      ],
      [
        [
          529.3910435005464,
          414.81115506742805
        ],
        [
          414.81115506742805,
          6266.88315352596
        ]
      ],
      [
        [
          3661.184825180366,
          476.95863175795796
        ],
        [
          476.95863175795796,
          119.47720283836091
        ]
      ],
      [
        [
          683.8807882010486,
          1742.0935130458777
        ],
        [
          1742.0935130458777,
          35838.0525361057
        ]
      ],
      [
        [
          1614.4264382097394,
          -2351.243037908374
        ],
        [
          -2351.243037908374,
          6514.411669206214
        ]
      ]
    ],
    [
      [
        [
          0.05388134504162085,
          0.018542162202341683
        ],
        [
          0.0,
          0.006416329185054612
        ]
      ],
      [
        [
          0.02018185805088735,
          -0.038700244556110895
        ],
        [
          0.0,
          0.029904973905405068
        ]
      ],
      [
        [
          0.04409344895104627,
          0.007989490047905815
        ],
        [
          0.0,
          0.018469242634313047
        ]
      ],
      [
        [
          0.015551231414351248,
          0.022749169862839116
        ],
        [
          0.0,
          0.056108772757570625
        ]
      ],
      [
        [
          0.04346219993277806,
          -0.010165129190973357
        ],
        [
          0.0,
          0.012972959584108846
        ]
      ],
      [
        [
          0.016526815286285447,
          -0.017203774943828323
        ],
        [
          0.0,
          0.13205799322261988
        ]
      ],
      [
        [
          0.03823928808147107,
          -0.014375538495522491
        ],
        [
          0.0,
          0.005643299009789457
        ]
      ],
      [
        [
          0.02488804993552864,
          0.026199616413756996
        ],
        [
          0.0,
          0.017989358278738442
        ]
      ]
    ]
  ]
}