{
  "model_type": "gmm",
  "n_gauss": 8,
  "score_avg": -12.256221036716044,
  "labels_avg": [
    0.13567014683301917,
    0.17009529494451636,
    0.07865907901128004,
    0.11333548908365686,
    0.0862940765375581,
    0.09253700890142305,
    0.22658283207745983,
    0.09682607261108664
  ],
  "params": [
    [
      0.14664816371489175,
      0.19027460101526641,
      0.0799044062912741,
      0.09673322458718848,
      0.08280710157771226,
      0.08321938527437109,
      0.21871971179340524,
      0.10169340574589074
    ],
    [
      [
        315.58177125611036,
        79.3173572122145
      ],
      [
        818.8275077904236,
        606.7721945625243
      ],
      [
        655.292820757087,
        42.712177237903916
      ],
      [
        176.06025265488728,
        848.0914728237949
      ],
      [
        501.93856411475605,
        3.368634241867644
      ],
      [
        817.0846098606903,
        943.4304872098857
      ],
      [
        186.67643321792147,
        406.3344386718344
      ],
      [
        772.4082535346197,
        199.0450346641065
      ]
    ],
    [
      [
        [
          4125.554682331527,
          -2646.712415138429
        ],
        [
          -2646.712415138429,
          2376.7569324115684
        ]
      ],
      [
        [
          424.9483626949231,
          708.0666036240466
        ],
        [
          708.0666036240466,
          35467.59419597256
        ]
      ],
      [
        [
          2125.004835426594,
          1018.7990888850702
        ],
        [
          1018.7990888850702,
          884.4047992415153
        ]
      ],
      [
        [
          480.1029574821342,
          344.1279467289438
        ],
        [
          344.12794672894375,
          10892.870553417817
        ]
      ],
      [
        [
          3131.1926012270524,
          -58.605136740271966
        ],
        [
          -58.605136740271945,
          15.681221137955545
        ]
      ],
      [
        [
          544.2889652634435,
          -162.24351245970956
        ],
        [
          -162.24351245970956,
          1983.211126413585
        ]
      ],
      [
        [
          555.6977657827773,
          -1901.4196297501874
        ],
        [
          -1901.4196297501876,
          25420.9671911048
        ]
      ],
      [
        [
          1224.7052435733297,
          2308.3020896051517
        ],
        [
          2308.3020896051517,
          6260.6717867534535
        ]
      ]
    ],
    [
      [
        [
          0.015568932153376557,
          0.024624028585732916
        ],
        [
          0.0,
          0.03838262738659596
        ]
      ],
      [
        [
          0.0485100720725401,
          -0.008998461036924879
        ],
        [
          0.0,
          0.005400454229649851
        ]
      ],
      [
        [
          0.021693021100700566,
          -0.02409372814530983
        ],
        [
          0.0,
          0.05025454907725478
        ]
      ],
      [
        [
          0.045638652095466345,
          -0.006946853094609585
        ],
        [
          0.0,
          0.009691757811646114
        ]
      ],
      [
        [
          0.01787084585985177,
          0.004900976128367009
        ],
        [
          0.0,
          0.2618524765148765
        ]
      ],
      [
        [
          0.04286326361110423,
          0.006776637716942815
        ],
        [
          0.0,
          0.02273403154924912
        ]
      ],
      [
        [
          0.042420977791400805,
          0.024879238473328402
        ],
        [
          0.0,
          0.007271060536922042
        ]
      ],
      [
        [
          0.028574866584606444,
          -0.04312622178632222
        ],
        [
          0.0,
          0.02288128152509268
        ]
      ]
    ]
  ]
}