{
  "model_type": "gmm",
  "n_gauss": 10,
  "score_avg": -12.25418225029541,
  "labels_avg": [
    0.09283808946040717,
    0.09147368901834722,
    0.1358551924893886,
    0.09502158421897548,
    0.08979399765631069,
    0.1107807996934362,
    0.13877573125500584,
    0.08092153817128567,
    0.08092959551555193,
    0.08360978252129117
  ],
  "params": [
    [
      0.09296485208325535,
      0.0967028567023464,
      0.12967482852672738,
      0.09428921013720201,
      0.0857748062425079,
      0.11170399759316482,
      0.13173700710649222,
      0.08839814435710262,
      0.08354084275794948,
      0.08521345449325178
    ],
    [
      [
        26.203738122235457,
        373.9877527248073
      ],
      [
        741.0790374891416,
        548.0761792542686
      ],
      [
        351.7665643010831,
        289.69023740039455
      ],
      [
        337.90096703597953,
        768.8055394949133
      ],
      [
        23.350213694204093,
        570.5427705261422
      ],
      [
        175.01807220554076,
        241.4330671449928
      ],
      [
        326.5825845039659,
        466.5251657921228
      ],
      [
        552.4571404797448,
        702.9814759518287
      ],
      [
        139.86696742420781,
        716.3785130430786
      ],
      [
        937.1953686439105,
        473.7457574561931
      ]
    ],
    [
      [
        [
          584.5321308095702,
          -1140.343775552185
        ],
        [
          -1140.343775552185,
          3316.8826623590476
        ]
      ],
      [
        [
          5857.028708685866,
          -2983.2260238846734
        ],
        [
          -2983.2260238846734,
          2622.082250670178
        ]
      ],
      [
        [
          2059.0495305976638,
          1429.66216328113
        ],
        [
          1429.66216328113,
          2490.615273833485
        ]
      ],
      [
        [
          6648.719382581612,
          -88.24083328840304
        ],
        [
          -88.24083328840304,
          199.6107486311609
        ]
      ],
      [
        [
          526.0040047338102,
          1230.8181234932783
        ],
        [
          1230.8181234932783,
          4036.6453203597302
        ]
      ],
      [
        [
          4217.318366253847,
          -1082.5734707831036
        ],
        [
          -1082.5734707831036,
          687.4616222495274
        ]
      ],
      [
        [
          2427.486163492494,
          -1666.4132212790198
        ],
        [
          -1666.4132212790196,
          2211.2272486202487
        ]
      ],
      [
        [
          6140.339373011171,
          -3052.060457708039
        ],
        [
          -3052.060457708039,
          2417.5263046840914
        ]
      ],
      [
        [
          3201.617732070109,
          1816.608591675466
        ],
        [
          1816.608591675466,
          1498.6524912032064
        ]
      ],
      [
        [
          2508.902611035028,
          -311.27499862411787
        ],
        [
          -311.27499862411787,
          468.8915660368387
        ]
      ]
    ],
    [
      [
        [
          0.0413614547957076,
          0.05902980734223313
        ],
        [
          0.0,
          0.030258260541059897
        ]
      ],
      [
        [
          0.013066561702733844,
          0.01533908142804
        ],
        [
          0.0,
          0.03011553250394064
        ]
      ],
      [
        [
          0.02203771707177612,
          -0.017939777456726473
        ],
        [
          0.0,
          0.02583749594835958
        ]
      ],
      [
        [
          0.012263967707507822,
          0.0009421442324747155
        ],
        [
          0.0,
          0.07098813991441948
        ]
      ],
      [
        [
          0.04360190603709498,
          -0.06880380897891816
        ],
        [
          0.0,
          0.02940408365220882
        ]
      ],
      [
        [
          0.015398620162668067,
          0.012684049090926068
        ],
        [
          0.0,
          0.04941251068246925
        ]
      ],
      [
        [
          0.02029652174705989,
          0.021013005341275818
        ],
        [
          0.0,
          0.030609922597823747
        ]
      ],
      [
        [
          0.012761561345571696,
          0.016563783831897588
        ],
        [
          0.0,
          0.03332412822039056
        ]
      ],
      [
        [
          0.01767320282739991,
          -0.02623095526259942
        ],
        [
          0.0,
          0.04622982181341526
        ]
      ],
      [
        [
          0.019964484382280535,
          0.005981206161403342
        ],
        [
          0.0,
          0.048209023602324555
        ]
      ]
    ]
  ]
}