{
  "model_type": "gmm",
  "n_gauss": 10,
  "score_avg": -12.222195738723121,
  "labels_avg": [
    0.09712371547567082,
    0.08256828577462688,
    0.09051707606559865,
    0.1244526978730956,
    0.10249722089366518,
    0.07154701113063536,
    0.1405177849983941,
    0.09063359720415962,
    0.09385402532871052,
    0.10628858525544328
  ],
  "params": [
    [
      0.10833757665093294,
      0.08678077630016644,
      0.0947482759004894,
      0.11601040321102725,
      0.10148595038972887,
      0.06868902397663634,
      0.12955028195064633,
      0.09610776031313144,
      0.09596115458073447,
      0.10232879672650656
    ],
    [
      [
        721.5558929759198,
        556.8083663383006
      ],
      [
        61.495852537410606,
        312.8467247220454
      ],
      [
        292.01439342543284,
        762.4361681121266
      ],
      [
        357.7930161362064,
        311.926023082234
      ],
      [
        932.4600066343534,
        472.4154681583656
      ],
      [
        5.010042303477752,
        478.9787980818047
      ],
      [
        317.6685633728722,
        475.6373137727929
      ],
      [
        521.3940561145185,
        717.6447058816218
      ],
      [
        83.26735269680864,
        665.6208165660826
      ],
      [
        223.54786896006303,
        233.88831534875152
      ]
    ],
    [
      [
        [
          6300.427815837805,
          -3421.649396890203
        ],
        [
          -3421.649396890203,
          2765.8978561835947
        ]
      ],
      [
        [
          1373.5418623444464,
          -1554.0298302792685
        ],
        [
          -1554.0298302792685,
          2475.958214337519
        ]
      ],
      [
        [
          7490.386596778531,
          517.4156485188472
        ],
        [
          517.4156485188472,
          197.7136514025244
        ]
      ],
      [
        [
          1179.5073501568497,
          930.6232311383254
        ],
        [
          930.6232311383254,
          2524.7135785059154
        ]
      ],
      [
        [
          2849.6341297968443,
          -348.2125144512224
        ],
        [
          -348.2125144512224,
          416.66846326418494
        ]
      ],
      [
        [
          26.592582832675774,
          4.919049966048131
        ],
        [
          4.919049966048131,
          2652.9749399817824
        ]
      ],
      [
        [
          1923.9755174002794,
          -1352.9789712152615
        ],
        [
          -1352.9789712152615,
          1707.6971383612924
        ]
      ],
      [
        [
          8994.78575351318,
          -3574.4321461588106
        ],
        [
          -3574.4321461588106,
          2061.9314505363113
        ]
      ],
      [
        [
          2510.342017987978,
          2634.4469769113603
        ],
        [
          2634.4469769113603,
          3651.149396797276
        ]
      ],
      [
        [
          3720.102870796954,
          49.69395741429615
        ],
        [
          49.693957414296136,
          316.77148401248627
        ]
      ]
    ],
    [
      [
        [
          0.01259838801313103,
          0.018026172850523253
        ],
        [
          0.0,
          0.03319235481687822
        ]
      ],
      [
        [
          0.026982305171779842,
          0.04223172373697738
        ],
        [
          0.0,
          0.037326851352190486
        ]
      ],
      [
        [
          0.011554412906954682,
          -0.00542769435201383
        ],
        [
          0.0,
          0.07857421618792423
        ]
      ],
      [
        [
          0.029117204335994955,
          -0.01864623455685406
        ],
        [
          0.0,
          0.02363294830460662
        ]
      ],
      [
        [
          0.018732918694221255,
          0.006317579348911588
        ],
        [
          0.0,
          0.05170058221121176
        ]
      ],
      [
        [
          0.19391872170053323,
          -0.00359193632651215
        ],
        [
          0.0,
          0.01941815288556817
        ]
      ],
      [
        [
          0.022798182681497352,
          0.025571575281452784
        ],
        [
          0.0,
          0.03636352510245014
        ]
      ],
      [
        [
          0.010543980360450974,
          0.015689938363785468
        ],
        [
          0.0,
          0.039482532692566935
        ]
      ],
      [
        [
          0.019958759835985128,
          -0.03524735224387184
        ],
        [
          0.0,
          0.03358690083197354
        ]
      ],
      [
        [
          0.016395419201295107,
          -0.0007513306800375296
        ],
        [
          0.0,
          0.05624481456414172
        ]
      ]
    ]
  ]
}