{
  "model_type": "gmm",
  "n_gauss": 7,
  "score_avg": -12.441037398765753,
  "labels_avg": [
    0.16991725213507664,
    0.11442361256696357,
    0.13101539085777794,
    0.11526380409405594,
    0.13194310957891858,
    0.12394914718579068,
    0.21348768358141665
  ],
  "params": [
    [
      0.17238139976350803,
      0.12041534013474048,
      0.1434769073153635,
      0.12043784533979661,
      0.1314942751502374,
      0.1262611179732309,
      0.1855331143231231
    ],
    [
      [
        662.3226841832045,
        194.21787480309865
      ],
      [
        207.39775732146475,
        890.8459651410757
      ],
      [
        800.6446076275686,
        878.3069025908693
      ],
      [
        31.26730190775975,
        641.6720584191735
      ],
      [
        974.7309673505221,
        615.2862706683989
      ],
      [
        490.01115568127153,
        985.8824111346273
      ],
      [
        330.9667197543746,
        194.62987479286588
      ]
    ],
    [
      [
        [
          254.75354758301935,
          -162.11384296194203
        ],
        [
          -162.11384296194203,
          12870.010992585325
        ]
      ],
      [
        [
          5722.601538470737,
          4104.422876686286
        ],
        [
          4104.422876686286,
          3422.8719840496487
        ]
      ],
      [
        [
          6855.189439820931,
          -4906.501732263854
        ],
        [
          -4906.501732263854,
          4514.842570392277
        ]
      ],
      [
        [
          786.0740794581269,
          2108.943901981925
        ],
        [
          2108.9439019819247,
          7110.289121231438
        ]
      ],
      [
        [
          524.7498775104,
          -1473.0983242878879
        ],
        [
          -1473.0983242878879,
          6479.804570940628
        ]
      ],
      [
        [
          9460.561815280793,
          132.07811788839894
        ],
        [
          132.07811788839888,
          140.0233274262985
        ]
      ],
      [
        [
          183.06423521696868,
          159.652801838585
        ],
        [
          159.652801838585,
          14349.59642470732
        ]
      ]
    ],
    [
      [
        [
          0.06265271272639597,
          0.0056319397558169575
        ],
        [
          0.0,
          0.008850303011477179
        ]
      ],
      [
        [
          0.013219141347389584,
          -0.0327691782705215
        ],
        [
          0.0,
          0.045688506184505734
        ]
      ],
      [
        [
          0.01207786774240717,
          0.02259870204556206
        ],
        [
          0.0,
          0.0315741014820589
        ]
      ],
      [
        [
          0.03566713799968312,
          -0.07040152932774929
        ],
        [
          0.0,
          0.02624100968581817
        ]
      ],
      [
        [
          0.043653978182925074,
          0.057977230638198964
        ],
        [
          0.0,
          0.020652759000655437
        ]
      ],
      [
        [
          0.010281146227976021,
          -0.0011876604632029822
        ],
        [
          0.0,
          0.08507037658721622
        ]
      ],
      [
        [
          0.07390915672885115,
          -0.007315945857865103
        ],
        [
          0.0,
          0.00838875370764176
        ]
      ]
    ]
  ]
}