{
  "model_type": "gmm",
  "n_gauss": 7,
  "score_avg": -12.543978605355326,
  "labels_avg": [
    0.16086137383887666,
    0.1268275605385954,
    0.13798922867178748,
    0.19272133357569557,
    0.12818743414008432,
    0.12621494938870167,
    0.12719811984625884
  ],
  "params": [
    [
      0.16489932093252704,
      0.12504604250937665,
      0.13896645616471334,
      0.17991183161178897,
      0.13353795131360166,
      0.12179289226049753,
      0.13584550520749483
    ],
    [
      [
        668.4155320605934,
        197.49721741865662
      ],
      [
        226.625321854356,
        901.8312186733793
      ],
      [
        966.6601763017626,
        625.3228031750275
      ],
      [
        334.4174529269299,
        195.00410931445555
      ],
      [
        42.160781480807096,
        656.8526558654681
      ],
      [
        503.549538288764,
        989.0589822568044
      ],
      [
        796.6725854494679,
        886.8047288304409
      ]
    ],
    [
      [
        [
          406.0902271637147,
          -167.99813887114385
        ],
        [
          -167.99813887114385,
          12874.251416406036
        ]
      ],
      [
        [
          5969.459321596804,
          3822.1805425611315
        ],
        [
          3822.1805425611306,
          3036.9261558172034
        ]
      ],
      [
        [
          856.2857193677263,
          -1780.9586177019326
        ],
        [
          -1780.9586177019326,
          7390.208513899057
        ]
      ],
      [
        [
          298.4121575426804,
          -107.2416122359531
        ],
        [
          -107.2416122359531,
          13943.417569506299
        ]
      ],
      [
        [
          1125.0337550614634,
          2618.4606478443984
        ],
        [
          2618.4606478443984,
          8079.008564788361
        ]
      ],
      [
        [
          8665.147532177001,
          60.038192428031365
        ],
        [
          60.03819242803135,
          105.19889472209547
        ]
      ],
      [
        [
          6585.336262681803,
          -4475.8623835621365
        ],
        [
          -4475.8623835621365,
          3940.633314920711
        ]
      ]
    ],
    [
      [
        [
          0.049623652963657894,
          0.003655917282291406
        ],
        [
          0.0,
          0.008837194802474533
        ]
      ],
      [
        [
          0.012942926992982029,
          -0.026368669613349476
        ],
        [
          0.0,
          0.04118243470415499
        ]
      ],
      [
        [
          0.034173593522437706,
          0.03425738517508785
        ],
        [
          0.0,
          0.016470966487788903
        ]
      ],
      [
        [
          0.05788842633521635,
          0.003047636981957592
        ],
        [
          0.0,
          0.008480401480647744
        ]
      ],
      [
        [
          0.029813792429398467,
          -0.05224398588627146
        ],
        [
          0.0,
          0.022446870709856414
        ]
      ],
      [
        [
          0.010742664664491931,
          -0.0006768718036037867
        ],
        [
          0.0,
          0.09769104967022851
        ]
      ],
      [
        [
          0.01232284602649907,
          0.022674362030448442
        ],
        [
          0.0,
          0.0333607885400292
        ]
      ]
    ]
  ]
}