{
  "model_type": "gmm",
  "n_gauss": 8,
  "score_avg": -11.69136870503233,
  "labels_avg": [
    0.11201553775094478,
    0.11141942047266062,
    0.18069736150555554,
    0.11351688333654363,
    0.061462568601250364,
    0.19492616955094746,
    0.11386465292977853,
    0.11209740585231898
  ],
  "params": [
    [
      0.1292433927066487,
      0.09983581765150938,
      0.17145153960097279,
      0.13343772179921376,
      0.04608042409087264,
      0.20338582477969486,
      0.09878115382948349,
      0.11778412554160443
    ],
    [
      [
        456.4015349570342,
        588.0823663272992
      ],
      [
        905.29782264292,
        415.6873552726526
      ],
      [
        289.94731661152537,
        407.4392987962288
      ],
      [
        748.3518841819639,
        585.4952602980674
      ],
      [
        37.746899371832775,
        402.1168309531606
      ],
      [
        700.8693105096327,
        408.6851337517475
      ],
      [
        938.5998380970977,
        590.1228604211628
      ],
      [
        143.8317461082876,
        587.9422322433262
      ]
    ],
    [
      [
        [
          11298.395270027557,
          196.0686725519343
        ],
        [
          196.0686725519343,
          112.88673833859256
        ]
      ],
      [
        [
          6060.018245825037,
          -98.96361723122752
        ],
        [
          -98.9636172312275,
          240.41305680638035
        ]
      ],
      [
        [
          20456.24550922146,
          -147.60447528041482
        ],
        [
          -147.6044752804148,
          132.9936358863304
        ]
      ],
      [
        [
          9008.268128265076,
          48.739688265535285
        ],
        [
          48.739688265535285,
          127.24422186954547
        ]
      ],
      [
        [
          912.8995767431375,
          18.500851602902276
        ],
        [
          18.500851602902284,
          123.57398532465412
        ]
      ],
      [
        [
          27364.261071911333,
          -715.0400561109697
        ],
        [
          -715.0400561109695,
          43.69319863453056
        ]
      ],
      [
        [
          1897.6184646451284,
          39.05388262701215
        ],
        [
          39.05388262701213,
          214.41109206486058
        ]
      ],
      [
        [
          11117.407097132875,
          107.56935735758614
        ],
        [
          107.56935735758614,
          63.42447729087433
        ]
      ]
    ],
    [
      [
        [
          0.00940787672090587,
          -0.001658500730479081
        ],
        [
          0.0,
          0.09557058027012807
        ]
      ],
      [
        [
          0.012845855549931694,
          0.0010567865212860177
        ],
        [
          0.0,
          0.06471212128364319
        ]
      ],
      [
        [
          0.006991768437671651,
          0.0006282090041483186
        ],
        [
          0.0,
          0.08706238476542089
        ]
      ],
      [
        [
          0.01053608699387046,
          -0.00048014554495172553
        ],
        [
          0.0,
          0.08874245945014748
        ]
      ],
      [
        [
          0.0330969898783512,
          -0.0018258497679247546
        ],
        [
          0.0,
          0.090094094915803
        ]
      ],
      [
        [
          0.006045164696117129,
          0.005225158061634979
        ],
        [
          0.0,
          0.19996444691259613
        ]
      ],
      [
        [
          0.02295596485657756,
          -0.0014081445166020687
        ],
        [
          0.0,
          0.06842139259528233
        ]
      ],
      [
        [
          0.009484146318673626,
          -0.0012250382031709973
        ],
        [
          0.0,
          0.12660899673239218
        ]
      ]
    ]
  ]
}