{
  "model_type": "gmm",
  "n_gauss": 8,
  "score_avg": -11.528254166961169,
  "labels_avg": [
    0.2008488352161727,
    0.14156015295291155,
    0.0450103998210814,
    0.09682601567132969,
    0.13512287131952463,
    0.1106726403356076,
    0.1811537495663822,
    0.08880533511699022
  ],
  "params": [
    [
      0.22170418424358648,
      0.1806269692155644,
      0.03265041703696776,
      0.095126271116665,
      0.11441854691130215,
      0.1438153569505454,
      0.15868883918516072,
      0.052969415340207944
    ],
    [
      [
        317.0856825448663,
        585.2633807749123
      ],
      [
        785.117630599111,
        406.6193288585963
      ],
      [
        17.837385400445513,
        400.09182190237254
      ],
      [
        914.6142655649381,
        592.8615324720787
      ],
      [
        183.16880212839325,
        405.9061742218193
      ],
      [
        696.3512698982782,
        587.5051245826597
      ],
      [
        486.10971878575924,
        409.76944554560293
      ],
      [
        957.1156382870631,
        427.7607882392775
      ]
    ],
    [
      [
        [
          48531.68415924368,
          -442.234652299131
        ],
        [
          -442.23465229913097,
          93.75139260331761
        ]
      ],
      [
        [
          16217.531787350945,
          -420.19650257265107
        ],
        [
          -420.19650257265107,
          25.61064559323723
        ]
      ],
      [
        [
          219.70304683290524,
          -12.117599101995955
        ],
        [
          -12.117599101995955,
          52.8593632224793
        ]
      ],
      [
        [
          4183.693066736768,
          296.77549051959846
        ],
        [
          296.77549051959846,
          142.62624638090398
        ]
      ],
      [
        [
          10343.332214025257,
          394.8687455741351
        ],
        [
          394.8687455741351,
          97.91406013612712
        ]
      ],
      [
        [
          29562.82653541155,
          -968.4534211481791
        ],
        [
          -968.4534211481794,
          39.8919913602248
        ]
      ],
      [
        [
          22871.495034997915,
          1570.2422035467173
        ],
        [
          1570.2422035467173,
          143.73543011164207
        ]
      ],
      [
        [
          1497.8510284376305,
          -67.6742607124005
        ],
        [
          -67.6742607124005,
          201.93042849176427
        ]
      ]
    ],
    [
      [
        [
          0.004539283618634065,
          0.0009620083590342559
        ],
        [
          0.0,
          0.10557265378567114
        ]
      ],
      [
        [
          0.007852494141852072,
          0.00675249688203923
        ],
        [
          0.0,
          0.2606133848282698
        ]
      ],
      [
        [
          0.0674655336756538,
          0.0076345350341786265
        ],
        [
          0.0,
          0.1384210348967
        ]
      ],
      [
        [
          0.01546037744042771,
          -0.006433505446178156
        ],
        [
          0.0,
          0.09069418799667124
        ]
      ],
      [
        [
          0.009832631494626905,
          -0.004194436151946887
        ],
        [
          0.0,
          0.10987055080042821
        ]
      ],
      [
        [
          0.0058160351483264525,
          0.011463597884157913
        ],
        [
          0.0,
          0.3499356275898972
        ]
      ],
      [
        [
          0.006612302645295594,
          -0.011453563665517707
        ],
        [
          0.0,
          0.16682784599549647
        ]
      ],
      [
        [
          0.025838404273902067,
          0.0032038129729161278
        ],
        [
          0.0,
          0.07091077916311712
        ]
      ]
    ]
  ]
}