{
  "model_type": "gmm",
  "n_gauss": 16,
  "score_avg": -12.340176295022799,
  "labels_avg": [
    0.04678309377245116,
    0.07428972432976287,
    0.0762376610338337,
    0.06540328752617995,
    0.035950769555041874,
    0.058291397623992366,
    0.08347724613208195,
    0.05802580095084597,
    0.07269954030104898,
    0.04556371443147914,
    0.05971779121695251,
    0.06251135857054899,
    0.044843287183239725,
    0.09282683350393287,
    0.06788242525708868,
    0.05549606861151921
  ],
  "params": [
    [
      0.05093826725976512,
      0.071256549541191,
      0.06462126240910249,
      0.06802753287393788,
      0.04044147105838544,
      0.05830440526600039,
      0.08335143155046891,
      0.05934795872120419,
      0.07038462727354873,
      0.051088220408111326,
      0.06321677824770533,
      0.06138706363800087,
      0.04843953870871939,
      0.0816052098678643,
      0.06729178940519528,
      0.060297893770799436
    ],
    [
      [
        967.6452326777917,
        644.8042201723158
      ],
      [
        12.704729377739195,
        502.24612898999357
      ],
      [
        547.4804240687744,
        19.508270879729395
      ],
      [
        365.8854467217074,
        972.0782220921071
      ],
      [
        941.6475051169991,
        302.20430384652786
      ],
      [
        728.0173320326479,
        927.8937728098949
      ],
      [
        210.20818023006404,
        111.06784389191657
      ],
      [
        58.52412209521333,
        709.1493095492737
      ],
      [
        70.36762372003342,
        276.19721922186096
      ],
      [
        846.3388556839155,
        168.62365015212262
      ],
      [
        986.0093541339551,
        467.99058796043266
      ],
      [
        546.05717847266,
        988.5749819724662
      ],
      [
        710.308514526535,
        66.28227953803113
      ],
      [
        387.86176656579084,
        23.30269777619181
      ],
      [
        186.73356720138634,
        875.7462324507767
      ],
      [
        873.7912909322889,
        802.6541377655118
      ]
    ],
    [
      [
        [
          449.25430384065226,
          -740.818538674777
        ],
        [
          -740.8185386747771,
          3537.88735159637
        ]
      ],
      [
        [
          106.46734728447524,
          -79.53160694539933
        ],
        [
          -79.5316069453993,
          5970.421292090915
        ]
      ],
      [
        [
          4079.483996474149,
          229.32357168955127
        ],
        [
          229.32357168955127,
          265.02883505279465
        ]
      ],
      [
        [
          4397.226680183514,
          1015.8570333648346
        ],
        [
          1015.8570333648345,
          352.5266097124599
        ]
      ],
      [
        [
          739.6357060582352,
          1148.1924539647173
        ],
        [
          1148.1924539647173,
          3324.7413850441712
        ]
      ],
      [
        [
          4113.312727184356,
          -1636.7695182478346
        ],
        [
          -1636.7695182478346,
          1197.7799493086443
        ]
      ],
      [
        [
          3649.527768147272,
          -2757.121792515382
        ],
        [
          -2757.121792515382,
          2536.941964895637
        ]
      ],
      [
        [
          1077.4070486780954,
          1671.496965518533
        ],
        [
          1671.496965518533,
          4019.9129572883603
        ]
      ],
      [
        [
          1305.9636134723548,
          -2117.8526465706736
        ],
        [
          -2117.8526465706736,
          4448.892520438749
        ]
      ],
      [
        [
          2457.964887213517,
          1929.0887161702583
        ],
        [
          1929.0887161702583,
          2508.6809877308774
        ]
      ],
      [
        [
          117.10780020364409,
          399.0289761242873
        ],
        [
          399.0289761242872,
          5406.011045838946
        ]
      ],
      [
        [
          4514.8322664156685,
          -313.67108108829956
        ],
        [
          -313.67108108829956,
          107.80764496747157
        ]
      ],
      [
        [
          3348.214473044716,
          1250.928676206971
        ],
        [
          1250.928676206971,
          986.9057406135764
        ]
      ],
      [
        [
          3413.424738091023,
          -801.7206791185887
        ],
        [
          -801.7206791185885,
          358.04303762802795
        ]
      ],
      [
        [
          3450.1224960511254,
          2558.155843248543
        ],
        [
          2558.155843248543,
          2509.3383433196477
        ]
      ],
      [
        [
          2264.1346454731142,
          -2074.952739924145
        ],
        [
          -2074.952739924145,
          3257.2590132434048
        ]
      ]
    ],
    [
      [
        [
          0.04717955897121396,
          0.034262891744867116
        ],
        [
          0.0,
          0.02077803237206163
        ]
      ],
      [
        [
          0.09691517477361643,
          0.009716110544535583
        ],
        [
          0.0,
          0.013006759894963518
        ]
      ],
      [
        [
          0.015656597364738473,
          -0.003540173898011008
        ],
        [
          0.0,
          0.06297687871887199
        ]
      ],
      [
        [
          0.015080320540713227,
          -0.021281654923400256
        ],
        [
          0.0,
          0.09211951854845903
        ]
      ],
      [
        [
          0.036769782900711284,
          -0.039528489950845486
        ],
        [
          0.0,
          0.02546322480456562
        ]
      ],
      [
        [
          0.015592082905797394,
          0.017021977953743935
        ],
        [
          0.0,
          0.042777384218359284
        ]
      ],
      [
        [
          0.016553188620784833,
          0.035455768348946495
        ],
        [
          0.0,
          0.04693184446249141
        ]
      ],
      [
        [
          0.030465625118274567,
          -0.041072700667546584
        ],
        [
          0.0,
          0.02647448252694393
        ]
      ],
      [
        [
          0.02767161212835511,
          0.05091624485607805
        ],
        [
          0.0,
          0.031397256662005414
        ]
      ],
      [
        [
          0.020170290945397254,
          -0.024884950888527078
        ],
        [
          0.0,
          0.0317073730157229
        ]
      ],
      [
        [
          0.09240747180347862,
          -0.053565555027481754
        ],
        [
          0.0,
          0.01572052329854305
        ]
      ],
      [
        [
          0.014882613040517538,
          0.007491097231445165
        ],
        [
          0.0,
          0.10782328856725226
        ]
      ],
      [
        [
          0.01728197471229663,
          -0.01639107789157331
        ],
        [
          0.0,
          0.043872081014064764
        ]
      ],
      [
        [
          0.01711610074978527,
          0.01802767959519668
        ],
        [
          0.0,
          0.0767550708162797
        ]
      ],
      [
        [
          0.017024828375213286,
          -0.029958678677555257
        ],
        [
          0.0,
          0.04040454045448017
        ]
      ],
      [
        [
          0.021015942660664994,
          0.024890133127806427
        ],
        [
          0.0,
          0.027159468098133546
        ]
      ]
    ]
  ]
}