{
  "model_type": "gmm",
  "n_gauss": 16,
  "score_avg": -12.267397378315305,
  "labels_avg": [
    0.07115596718457777,
    0.0676300061840904,
    0.04280116821867199,
    0.05301142926394973,
    0.07242310032133326,
    0.05627594273471275,
    0.06196348637046785,
    0.08607582087114905,
    0.06146739178354028,
    0.06254737524967499,
    0.05204901151829577,
    0.06410156862203958,
    0.04692052715081469,
    0.08586099964670495,
    0.05727641921771863,
    0.058439785662258374
  ],
  "params": [
    [
      0.06103350066367639,
      0.06418143522715926,
      0.04712626457676394,
      0.048717126808143565,
      0.06915008468340615,
      0.06748966613506584,
      0.06501581292713851,
      0.07556120911508249,
      0.07110977453808119,
      0.067221174250985,
      0.04512269460674842,
      0.07067330731119213,
      0.050993775774692246,
      0.07337738245874295,
      0.060949924821512604,
      0.06227686610160938
    ],
    [
      [
        575.330039402457,
        34.44113605659252
      ],
      [
        519.4029497806306,
        985.4768191120761
      ],
      [
        968.9050927476196,
        622.0739096214854
      ],
      [
        6.6641644025643245,
        528.7130345614847
      ],
      [
        120.87905587516452,
        193.60389445764818
      ],
      [
        906.8957924037851,
        234.7701721819069
      ],
      [
        185.61579092676638,
        875.0861579568358
      ],
      [
        279.61054969399567,
        72.5518417193788
      ],
      [
        870.5176460439899,
        797.0076114476433
      ],
      [
        988.2674037725868,
        446.89880517613744
      ],
      [
        30.934938297998563,
        348.7554163429351
      ],
      [
        354.33098111526834,
        970.3183183945258
      ],
      [
        760.1959378050302,
        88.27010799794553
      ],
      [
        437.2842921558345,
        12.136949229494585
      ],
      [
        708.8089569090932,
        925.5998955015527
      ],
      [
        65.00493169299772,
        704.2805448101227
      ]
    ],
    [
      [
        [
          4921.329662834229,
          285.1306982366624
        ],
        [
          285.1306982366624,
          435.94665475867424
        ]
      ],
      [
        [
          4500.858889506738,
          -417.5140757297711
        ],
        [
          -417.5140757297711,
          135.26359611138403
        ]
      ],
      [
        [
          437.10258870455147,
          -588.0018911746092
        ],
        [
          -588.0018911746092,
          3515.1717071673756
        ]
      ],
      [
        [
          33.69658162189053,
          142.4918784240448
        ],
        [
          142.4918784240448,
          4374.408604851084
        ]
      ],
      [
        [
          1826.67991559327,
          -1856.832771005947
        ],
        [
          -1856.832771005947,
          2406.255678018349
        ]
      ],
      [
        [
          2225.3796043911984,
          2892.8316291706365
        ],
        [
          2892.8316291706365,
          4750.868390958266
        ]
      ],
      [
        [
          3346.9807996680643,
          2391.1510324311375
        ],
        [
          2391.1510324311375,
          2462.4642292434364
        ]
      ],
      [
        [
          4223.941182343982,
          -2038.837212383903
        ],
        [
          -2038.837212383903,
          1257.3902120874532
        ]
      ],
      [
        [
          2898.0634839667664,
          -3214.003548692261
        ],
        [
          -3214.0035486922607,
          4701.906744405947
        ]
      ],
      [
        [
          93.49594657836099,
          536.5691064666183
        ],
        [
          536.5691064666183,
          6372.405659004925
        ]
      ],
      [
        [
          346.53829642698685,
          -794.51464911484
        ],
        [
          -794.51464911484,
          3334.1194412343934
        ]
      ],
      [
        [
          4630.852839759784,
          1021.2199353735488
        ],
        [
          1021.219935373549,
          343.369021273173
        ]
      ],
      [
        [
          3162.799627191423,
          1747.7566996385672
        ],
        [
          1747.7566996385672,
          1563.3847666245008
        ]
      ],
      [
        [
          2075.0167104879547,
          -150.25115544417642
        ],
        [
          -150.25115544417642,
          82.74950078918953
        ]
      ],
      [
        [
          4114.092560250929,
          -1708.5664769321952
        ],
        [
          -1708.5664769321952,
          1305.0137812381024
        ]
      ],
      [
        [
          1270.2326470606265,
          2095.7139708261166
        ],
        [
          2095.713970826117,
          5535.467309947414
        ]
      ]
    ],
    [
      [
        [
          0.014254722625970528,
          -0.002829003057765884
        ],
        [
          0.0,
          0.048828332938307996
        ]
      ],
      [
        [
          0.014905697434854395,
          0.009441398991075635
        ],
        [
          0.0,
          0.10177957354871672
        ]
      ],
      [
        [
          0.047830873342504104,
          0.02577375847632574
        ],
        [
          0.0,
          0.019159422307542286
        ]
      ],
      [
        [
          0.17226897795841692,
          -0.06885360229784902
        ],
        [
          0.0,
          0.016282549261412135
        ]
      ],
      [
        [
          0.023397463213965467,
          0.044629491693938685
        ],
        [
          0.0,
          0.04390475943414581
        ]
      ],
      [
        [
          0.0211981493827335,
          -0.04130610529621134
        ],
        [
          0.0,
          0.031775704930804276
        ]
      ],
      [
        [
          0.017285159425491532,
          -0.026014592895944502
        ],
        [
          0.0,
          0.0364135689268365
        ]
      ],
      [
        [
          0.015386543498786537,
          0.029198939074197856
        ],
        [
          0.0,
          0.06049261828611056
        ]
      ],
      [
        [
          0.01857573695903185,
          0.032882052602348805
        ],
        [
          0.0,
          0.02964971086093403
        ]
      ],
      [
        [
          0.10341977975577712,
          -0.100007623660383
        ],
        [
          0.0,
          0.01742610099331485
        ]
      ],
      [
        [
          0.05371856243262407,
          0.058952187918397715
        ],
        [
          0.0,
          0.025712793080209496
        ]
      ],
      [
        [
          0.0146949972774025,
          -0.0202868796756962
        ],
        [
          0.0,
          0.09199345909918878
        ]
      ],
      [
        [
          0.017781326663911322,
          -0.022605390794415512
        ],
        [
          0.0,
          0.04090747962338185
        ]
      ],
      [
        [
          0.02195276360259995,
          0.008541276547479076
        ],
        [
          0.0,
          0.11795777218833285
        ]
      ],
      [
        [
          0.01559060508317875,
          0.017019003932234975
        ],
        [
          0.0,
          0.04098041159405697
        ]
      ],
      [
        [
          0.0280581068455331,
          -0.036194686744411605
        ],
        [
          0.0,
          0.02193795212175868
        ]
      ]
    ]
  ]
}