{
  "model_type": "gmm",
  "n_gauss": 14,
  "score_avg": -12.452916482577917,
  "labels_avg": [
    0.06253786623505962,
    0.07943170902388891,
    0.08137361136709675,
    0.08182883589291376,
    0.06463479591034844,
    0.04461302150304803,
    0.05829366803844621,
    0.09104411828700996,
    0.07661860745480338,
    0.06486239415391294,
    0.07919160757328628,
    0.07182299118447795,
    0.049580176576833696,
    0.09416659679887396
  ],
  "params": [
    [
      0.06758396126070734,
      0.08153327724747757,
      0.07790361573484857,
      0.08463137944554988,
      0.05790618388302928,
      0.055499725775452154,
      0.06033955041978521,
      0.08853775911681598,
      0.060480030429404655,
      0.0687764020598152,
      0.07802616871312801,
      0.0767540257097694,
      0.05554746275699669,
      0.08648045744722015
    ],
    [
      [
        31.91042967802936,
        722.3893886555852
      ],
      [
        820.6615832217861,
        497.37915533487245
      ],
      [
        84.17634720424866,
        379.1733862067415
      ],
      [
        382.94076747449975,
        393.84875990369756
      ],
      [
        983.7930419728312,
        200.18822613997662
      ],
      [
        221.12731142688568,
        542.1994936369039
      ],
      [
        983.4496739510961,
        791.833907088303
      ],
      [
        647.7443906124286,
        599.8203455402827
      ],
      [
        19.035508625984267,
        204.96433723793174
      ],
      [
        656.4705014088911,
        395.78321019168203
      ],
      [
        157.0434453590303,
        513.6259699734104
      ],
      [
        924.4847418513339,
        357.16681555158374
      ],
      [
        918.7967560221684,
        621.0937364472726
      ],
      [
        397.53433578360676,
        611.2428480655785
      ]
    ],
    [
      [
        [
          684.9425555736149,
          -1789.052558217416
        ],
        [
          -1789.0525582174162,
          6138.898689383944
        ]
      ],
      [
        [
          1418.7581552465458,
          -50.97208773245502
        ],
        [
          -50.97208773245504,
          1241.5798814375503
        ]
      ],
      [
        [
          1505.793662519019,
          2509.887560841509
        ],
        [
          2509.887560841509,
          4948.805753668766
        ]
      ],
      [
        [
          10895.871710698795,
          -2293.219221183271
        ],
        [
          -2293.219221183271,
          827.8735205098175
        ]
      ],
      [
        [
          188.58102899008955,
          -241.4712871844999
        ],
        [
          -241.4712871844999,
          1949.7161017266983
        ]
      ],
      [
        [
          3167.0772471683954,
          2162.0745928840242
        ],
        [
          2162.0745928840242,
          1742.2918887018975
        ]
      ],
      [
        [
          151.6036131954971,
          420.19143062169576
        ],
        [
          420.19143062169576,
          2562.5643438870175
        ]
      ],
      [
        [
          9100.493211469657,
          -2294.2336818360277
        ],
        [
          -2294.2336818360277,
          1055.5667130023244
        ]
      ],
      [
        [
          429.2347951612515,
          366.7510006328674
        ],
        [
          366.7510006328674,
          1964.4405813042083
        ]
      ],
      [
        [
          6719.780543149097,
          1839.6310748664368
        ],
        [
          1839.6310748664368,
          858.1050490706
        ]
      ],
      [
        [
          3035.2630690052897,
          -2570.665520506928
        ],
        [
          -2570.665520506928,
          2705.0781044891123
        ]
      ],
      [
        [
          1201.4587954827025,
          -1810.6390450468277
        ],
        [
          -1810.6390450468277,
          5323.384156555441
        ]
      ],
      [
        [
          1038.1738558063246,
          1855.9854848929078
        ],
        [
          1855.9854848929078,
          3810.9448655835513
        ]
      ],
      [
        [
          8800.838383943197,
          1588.2287573689441
        ],
        [
          1588.2287573689441,
          647.5960491871895
        ]
      ]
    ],
    [
      [
        [
          0.038209638167865295,
          0.06821989121757156
        ],
        [
          0.0,
          0.02611812963062149
        ]
      ],
      [
        [
          0.02654885616015523,
          0.0010203689600282975
        ],
        [
          0.0,
          0.028400970958833795
        ]
      ],
      [
        [
          0.025770169051009595,
          -0.06025322756969616
        ],
        [
          0.0,
          0.03614860268495268
        ]
      ],
      [
        [
          0.009580077213483255,
          0.011327425251294517
        ],
        [
          0.0,
          0.053820485721792814
        ]
      ],
      [
        [
          0.07282005446681172,
          0.0316137952022686
        ],
        [
          0.0,
          0.02468932061877233
        ]
      ],
      [
        [
          0.01776931441210599,
          -0.041833373231507896
        ],
        [
          0.0,
          0.06127888694028926
        ]
      ],
      [
        [
          0.08121667844526999,
          -0.07412981951320773
        ],
        [
          0.0,
          0.026745782195283275
        ]
      ],
      [
        [
          0.010482564298488888,
          0.011540557685373393
        ],
        [
          0.0,
          0.04577771118252669
        ]
      ],
      [
        [
          0.04826724823812082,
          -0.021027742257140516
        ],
        [
          0.0,
          0.02461026316185169
        ]
      ],
      [
        [
          0.012198950105683445,
          -0.014540492334856272
        ],
        [
          0.0,
          0.05311332191247625
        ]
      ],
      [
        [
          0.018151053260404584,
          0.03686168258996431
        ],
        [
          0.0,
          0.04352371124682551
        ]
      ],
      [
        [
          0.028849982858742313,
          0.029585592569327763
        ],
        [
          0.0,
          0.01963167120980053
        ]
      ],
      [
        [
          0.031035943748188844,
          -0.0805219600103036
        ],
        [
          0.0,
          0.045041189374281726
        ]
      ],
      [
        [
          0.010659528058444006,
          -0.009498347588845157
        ],
        [
          0.0,
          0.05263311198471397
        ]
      ]
    ]
  ]
}