{
  "model_type": "gmm",
  "n_gauss": 14,
  "score_avg": -12.429064807165636,
  "labels_avg": [
    0.071496786567068,
    0.047606814214991626,
    0.045403641127201945,
    0.06765381603134077,
    0.11485211458419836,
    0.05588061258844494,
    0.06001622311506058,
    0.052250340425591395,
    0.057537558327461845,
    0.08202620782941897,
    0.11551862065201583,
    0.07193205315594098,
    0.09201144722242288,
    0.06581376415884187
  ],
  "params": [
    [
      0.07792144183771081,
      0.05633115428953825,
      0.054867817157823955,
      0.05811717688883168,
      0.08909556700642911,
      0.06018578883522393,
      0.0662949211658096,
      0.05088580384951958,
      0.0641255475191532,
      0.09244815789936996,
      0.09514313966723592,
      0.06759049721430359,
      0.09613359172885548,
      0.07085939494019494
    ],
    [
      [
        276.47056796435845,
        433.4030301310578
      ],
      [
        740.0365371621087,
        434.805820675418
      ],
      [
        99.26186755193253,
        584.6871580353428
      ],
      [
        986.1279556556739,
        201.04919935303437
      ],
      [
        26.57728810275906,
        231.4207196431966
      ],
      [
        467.35211778365624,
        619.864473216176
      ],
      [
        980.8967678387978,
        787.2338315186792
      ],
      [
        21.946817119394673,
        760.8960045961167
      ],
      [
        525.2784156471153,
        377.06056301273867
      ],
      [
        917.8360834686544,
        371.0280994427317
      ],
      [
        135.86565294617608,
        456.0734155631879
      ],
      [
        299.2055060711665,
        589.250564549204
      ],
      [
        696.2742890029351,
        581.0266196715968
      ],
      [
        884.4310335245428,
        570.3353522676521
      ]
    ],
    [
      [
        [
          6650.918294444394,
          -3157.9322570833715
        ],
        [
          -3157.9322570833715,
          1960.0958059837305
        ]
      ],
      [
        [
          4631.489692174219,
          2523.279723657961
        ],
        [
          2523.279723657961,
          1744.6622955083787
        ]
      ],
      [
        [
          1344.5515258414862,
          -1852.2482721754677
        ],
        [
          -1852.2482721754677,
          2908.687687446068
        ]
      ],
      [
        [
          129.5010231133844,
          -267.9629275817485
        ],
        [
          -267.9629275817485,
          2084.044672256588
        ]
      ],
      [
        [
          584.4356318344916,
          1303.9056373092349
        ],
        [
          1303.9056373092349,
          4314.882659529449
        ]
      ],
      [
        [
          6169.449481475105,
          443.4685518026775
        ],
        [
          443.4685518026775,
          165.88038862116642
        ]
      ],
      [
        [
          199.60922381567943,
          587.7285799372731
        ],
        [
          587.7285799372731,
          2940.8417584372087
        ]
      ],
      [
        [
          365.8482635227888,
          -886.7774669471295
        ],
        [
          -886.7774669471295,
          3628.4827004214217
        ]
      ],
      [
        [
          7246.183622798887,
          -38.5569807791636
        ],
        [
          -38.556980779163595,
          307.6487069257813
        ]
      ],
      [
        [
          1646.5705430209339,
          -2904.7474571590965
        ],
        [
          -2904.7474571590965,
          8771.339709110465
        ]
      ],
      [
        [
          2800.5539681295986,
          3551.2985434045886
        ],
        [
          3551.298543404588,
          5029.316928041631
        ]
      ],
      [
        [
          5184.589930344185,
          2278.887029192038
        ],
        [
          2278.887029192038,
          1231.9651626322457
        ]
      ],
      [
        [
          8900.461477909672,
          -3171.263722835594
        ],
        [
          -3171.2637228355934,
          1794.6511647497866
        ]
      ],
      [
        [
          2276.123796289586,
          3179.565411922847
        ],
        [
          3179.565411922847,
          4987.906440826195
        ]
      ]
    ],
    [
      [
        [
          0.012261940197002842,
          0.02212201309096331
        ],
        [
          0.0,
          0.04659115193069888
        ]
      ],
      [
        [
          0.014693986925782207,
          -0.028325003918304597
        ],
        [
          0.0,
          0.051990654245912274
        ]
      ],
      [
        [
          0.02727164123778194,
          0.0729061487753684
        ],
        [
          0.0,
          0.05292275071959778
        ]
      ],
      [
        [
          0.08787460790722841,
          0.05290732959347426
        ],
        [
          0.0,
          0.025569034397348592
        ]
      ],
      [
        [
          0.04136486934902579,
          -0.05950415207731403
        ],
        [
          0.0,
          0.0266709075572722
        ]
      ],
      [
        [
          0.012731418487140853,
          -0.006209530134694179
        ],
        [
          0.0,
          0.08638579289098927
        ]
      ],
      [
        [
          0.07077985963697923,
          -0.08463367585745497
        ],
        [
          0.0,
          0.028743986464598022
        ]
      ],
      [
        [
          0.05228167595511109,
          0.06302682873803421
        ],
        [
          0.0,
          0.026002302391083164
        ]
      ],
      [
        [
          0.01174749671996146,
          0.00030346666658978436
        ],
        [
          0.0,
          0.057031830425285895
        ]
      ],
      [
        [
          0.02464392220558585,
          0.029211853047078278
        ],
        [
          0.0,
          0.016558884186585222
        ]
      ],
      [
        [
          0.0188963544610994,
          -0.05528934058819487
        ],
        [
          0.0,
          0.04360117300391591
        ]
      ],
      [
        [
          0.013888098690416077,
          -0.02896544092625296
        ],
        [
          0.0,
          0.06589792799315439
        ]
      ],
      [
        [
          0.010599703998612037,
          0.013819764351115886
        ],
        [
          0.0,
          0.03878651887422137
        ]
      ],
      [
        [
          0.020960520372505762,
          -0.05976605012717039
        ],
        [
          0.0,
          0.04278412653332438
        ]
      ]
    ]
  ]
}