{
  "model_type": "gmm",
  "n_gauss": 8,
  "score_avg": -11.745615618619176,
  "labels_avg": [
    0.12677514785813881,
    0.10000159611055857,
    0.15031983532698784,
    0.21436492722654651,
    0.07324406064463589,
    0.10402498319612775,
    0.10760773668749549,
    0.12366171294950906
  ],
  "params": [
    [
      0.13234709536433947,
      0.10381127030409967,
      0.14981692764313587,
      0.1957969901476017,
      0.06261041053551197,
      0.10990453089750135,
      0.1125058136594611,
      0.1332069614483489
    ],
    [
      [
        779.7368167410218,
        360.96031288878345
      ],
      [
        254.6011082938309,
        506.18113391171835
      ],
      [
        790.4100610795874,
        642.2971097522376
      ],
      [
        672.3240926283179,
        496.5850615136425
      ],
      [
        40.10820234222143,
        505.22049496078546
      ],
      [
        954.2257462560206,
        395.36213670513547
      ],
      [
        976.4702561644913,
        568.6381535864411
      ],
      [
        540.389147486659,
        504.2773612440433
      ]
    ],
    [
      [
        [
          4203.976210651302,
          -1348.3062182218805
        ],
        [
          -1348.3062182218805,
          700.5012818125267
        ]
      ],
      [
        [
          9831.916516422774,
          -36.251240513527804
        ],
        [
          -36.251240513527854,
          268.2051087033587
        ]
      ],
      [
        [
          6186.18791976287,
          970.5795427962381
        ],
        [
          970.5795427962381,
          504.13387987694756
        ]
      ],
      [
        [
          488.6623344916057,
          -96.54525694495756
        ],
        [
          -96.54525694495752,
          2524.383973283459
        ]
      ],
      [
        [
          1532.0486123315854,
          14.343075433357775
        ],
        [
          14.343075433357788,
          185.62295137458295
        ]
      ],
      [
        [
          1188.3165891004485,
          1212.3295067088843
        ],
        [
          1212.3295067088843,
          1638.034493850179
        ]
      ],
      [
        [
          652.8779603306273,
          -1038.3749020079126
        ],
        [
          -1038.3749020079126,
          2470.4512608261075
        ]
      ],
      [
        [
          7098.435893595811,
          33.12666040601909
        ],
        [
          33.12666040601909,
          216.4701911595931
        ]
      ]
    ],
    [
      [
        [
          0.0154230360994388,
          0.019588625181590755
        ],
        [
          0.0,
          0.06107671473278101
        ]
      ],
      [
        [
          0.010085116255249065,
          0.00022519534617058162
        ],
        [
          0.0,
          0.06107658143753316
        ]
      ],
      [
        [
          0.012714182637394454,
          -0.008364231601984864
        ],
        [
          0.0,
          0.05331114680742904
        ]
      ],
      [
        [
          0.04523718450894432,
          0.003947220488903286
        ],
        [
          0.0,
          0.019978795850740336
        ]
      ],
      [
        [
          0.02554840117677101,
          -0.0006874023961895748
        ],
        [
          0.0,
          0.07342455194416424
        ]
      ],
      [
        [
          0.029009077614665077,
          -0.050933598159094255
        ],
        [
          0.0,
          0.049924743479465315
        ]
      ],
      [
        [
          0.039136681322779934,
          0.055576463387509274
        ],
        [
          0.0,
          0.034943687476135035
        ]
      ],
      [
        [
          0.011869124018236428,
          -0.0003173007317505358
        ],
        [
          0.0,
          0.06799172858707395
        ]
      ]
    ]
  ]
}