{
  "model_type": "gmm",
  "n_gauss": 8,
  "score_avg": -11.638383073587939,
  "labels_avg": [
    0.08762148528629249,
    0.12312350779390627,
    0.06752132577054394,
    0.2007064926102505,
    0.08797267288394865,
    0.16381540189891214,
    0.13556987056448064,
    0.1336692431916654
  ],
  "params": [
    [
      0.0960147342074797,
      0.1278319513876198,
      0.05248092990185803,
      0.1960136311177375,
      0.0934542626265633,
      0.15515023912182854,
      0.13893034482069277,
      0.14012390681622036
    ],
    [
      [
        951.2642729850407,
        396.54310921430294
      ],
      [
        565.3273972649175,
        505.970310093133
      ],
      [
        13.29196809473022,
        504.2123068951578
      ],
      [
        675.4652457838647,
        499.75435971349384
      ],
      [
        984.2238717882556,
        558.1076775557889
      ],
      [
        761.3825206896746,
        365.83232628614854
      ],
      [
        224.8379052934269,
        504.8163288130683
      ],
      [
        816.642642922885,
        646.8952853958261
      ]
    ],
    [
      [
        [
          1159.7441782490523,
          1240.498954545707
        ],
        [
          1240.498954545707,
          1623.3758766105282
        ]
      ],
      [
        [
          6380.918450014956,
          -241.25818047341397
        ],
        [
          -241.25818047341392,
          143.11432116728076
        ]
      ],
      [
        [
          227.41671964302944,
          -13.218138451512841
        ],
        [
          -13.218138451512841,
          218.65214653157818
        ]
      ],
      [
        [
          455.62941061686377,
          -63.1682381617629
        ],
        [
          -63.168238161762865,
          3394.005538331715
        ]
      ],
      [
        [
          302.78443304595754,
          -663.9959916576768
        ],
        [
          -663.9959916576768,
          2097.9175409742975
        ]
      ],
      [
        [
          6416.524516649269,
          -2178.783991255663
        ],
        [
          -2178.783991255663,
          1113.840463835987
        ]
      ],
      [
        [
          15966.111874335,
          -296.2265265138985
        ],
        [
          -296.2265265138984,
          86.62192299297729
        ]
      ],
      [
        [
          5900.172943024243,
          309.79927129413
        ],
        [
          309.79927129413005,
          353.4244391100935
        ]
      ]
    ],
    [
      [
        [
          0.02936424909117948,
          -0.06211872549172178
        ],
        [
          0.0,
          0.0580748818733655
        ]
      ],
      [
        [
          0.012518676098530215,
          0.003266318920620843
        ],
        [
          0.0,
          0.08638925578948078
        ]
      ],
      [
        [
          0.06631149276543932,
          0.00393763418357202
        ],
        [
          0.0,
          0.06774659324889408
        ]
      ],
      [
        [
          0.046848331174467676,
          0.0023828229483906444
        ],
        [
          0.0,
          0.017187185319294775
        ]
      ],
      [
        [
          0.057468945512849985,
          0.08656316415321402
        ],
        [
          0.0,
          0.03947309759410058
        ]
      ],
      [
        [
          0.012483893958821608,
          0.017557757009074804
        ],
        [
          0.0,
          0.05170764002225464
        ]
      ],
      [
        [
          0.007914079634316265,
          0.002059894701051787
        ],
        [
          0.0,
          0.11102486206548288
        ]
      ],
      [
        [
          0.013018700294955114,
          -0.0028595586036553777
        ],
        [
          0.0,
          0.054460716553013176
        ]
      ]
    ]
  ]
}