{
  "model_type": "gmm",
  "n_gauss": 6,
  "score_avg": -12.755113514064508,
  "labels_avg": [
    0.12652370022319456,
    0.20326282795532086,
    0.15819975636149158,
    0.15667976237019643,
    0.20356124452280602,
    0.1517727085669906
  ],
  "params": [
    [
      0.11456874728028434,
      0.21050960848062683,
      0.17644132201273616,
      0.1694024207047674,
      0.20557082808777447,
      0.1235070734338108
    ],
    [
      [
        954.0667735170068,
        478.5916592501669
      ],
      [
        208.52229431193885,
        787.9815792533323
      ],
      [
        701.0947122800412,
        209.9368480909127
      ],
      [
        676.3240487680171,
        809.829367843632
      ],
      [
        212.98930999862083,
        196.96084403884814
      ],
      [
        472.4553315580001,
        472.12417595447613
      ]
    ],
    [
      [
        [
          1009.4712899831953,
          772.7649577314924
        ],
        [
          772.7649577314924,
          2512.25640023326
        ]
      ],
      [
        [
          20450.540458280757,
          -20558.632107595688
        ],
        [
          -20558.632107595688,
          21864.662916307203
        ]
      ],
      [
        [
          18984.017281770248,
          17921.729696684608
        ],
        [
          17921.729696684608,
          18040.409492295334
        ]
      ],
      [
        [
          21386.944918085475,
          -20535.984901863918
        ],
        [
          -20535.984901863918,
          21022.38267159332
        ]
      ],
      [
        [
          19097.208384191403,
          18440.36781749143
        ],
        [
          18440.36781749143,
          18762.9988068736
        ]
      ],
      [
        [
          1593.3629945962882,
          851.5313966310133
        ],
        [
          851.5313966310133,
          2139.0151579927015
        ]
      ]
    ],
    [
      [
        [
          0.031474077805347465,
          -0.01746724474573785
        ],
        [
          0.0,
          0.02281765226220168
        ]
      ],
      [
        [
          0.006992743610275847,
          0.029051972917277413
        ],
        [
          0.0,
          0.028899225611326008
        ]
      ],
      [
        [
          0.007257815765026373,
          -0.028189496575388186
        ],
        [
          0.0,
          0.02986039289782233
        ]
      ],
      [
        [
          0.006837945334625573,
          0.026595699090533
        ],
        [
          0.0,
          0.027697758555304493
        ]
      ],
      [
        [
          0.007236274891603979,
          -0.031215550600643294
        ],
        [
          0.0,
          0.03232743948210745
        ]
      ],
      [
        [
          0.025052013479713364,
          -0.013023361680889025
        ],
        [
          0.0,
          0.02436896942340661
        ]
      ]
    ]
  ]
}