{
  "model_type": "gmm",
  "n_gauss": 6,
  "score_avg": -12.599314852557846,
  "labels_avg": [
    0.12057283513061974,
    0.19475024635423666,
    0.1469846736961876,
    0.166556221485831,
    0.15350169647938045,
    0.21763432685374454
  ],
  "params": [
    [
      0.10649151131374465,
      0.20843730922772044,
      0.1825343173717163,
      0.1294007562142889,
      0.17216187423592877,
      0.20097423163660094
    ],
    [
      [
        952.8367651431072,
        495.7944093183688
      ],
      [
        224.47786659366514,
        783.3347143040303
      ],
      [
        703.9792311356183,
        216.9005720892334
      ],
      [
        470.18634854447555,
        459.1934162146239
      ],
      [
        670.4026380112315,
        818.6049588164622
      ],
      [
        178.2722753959144,
        171.91646798237423
      ]
    ],
    [
      [
        [
          1316.047611476039,
          505.81565721449294
        ],
        [
          505.81565721449294,
          2050.3152960700336
        ]
      ],
      [
        [
          23228.922158149897,
          -22812.107064080417
        ],
        [
          -22812.107064080417,
          22929.859282297148
        ]
      ],
      [
        [
          22615.50104476794,
          21543.505535936976
        ],
        [
          21543.505535936976,
          21234.933904920934
        ]
      ],
      [
        [
          2243.1899390074254,
          1636.1528421247413
        ],
        [
          1636.1528421247413,
          2216.5508099471217
        ]
      ],
      [
        [
          21109.744780081342,
          -19818.686733899554
        ],
        [
          -19818.686733899554,
          19406.555126954132
        ]
      ],
      [
        [
          15626.942749667694,
          15038.583174198462
        ],
        [
          15038.58317419846,
          15098.364808637869
        ]
      ]
    ],
    [
      [
        [
          0.027565393682240792,
          -0.00892159419179526
        ],
        [
          0.0,
          0.0232124936411206
        ]
      ],
      [
        [
          0.006561233153387757,
          0.04277546612790816
        ],
        [
          0.0,
          0.04355704495742558
        ]
      ],
      [
        [
          0.006649620999186595,
          -0.03568486918131652
        ],
        [
          0.0,
          0.03746053282304742
        ]
      ],
      [
        [
          0.021113827827711207,
          -0.02280265757579708
        ],
        [
          0.0,
          0.031262783488023124
        ]
      ],
      [
        [
          0.006882694746969726,
          0.03319373147630237
        ],
        [
          0.0,
          0.03535608636291425
        ]
      ],
      [
        [
          0.007999502702458573,
          -0.038463557889460105
        ],
        [
          0.0,
          0.03996838067287934
        ]
      ]
    ]
  ]
}