{
  "model_type": "gmm",
  "n_gauss": 3,
  "score_avg": -12.636126887242472,
  "labels_avg": [
    0.35948819460645565,
    0.3231869975274474,
    0.3173248078660969
  ],
  "params": [
    [
      0.3312358701722381,
      0.3379425896697027,
      0.3308215401580592
    ],
    [
      [
        277.1340288562388,
        231.88223332069032
      ],
      [
        762.1664480057457,
        280.5505142402808
      ],
      [
        527.7430613689454,
        966.5011862053847
      ]
    ],
    [
      [
        [
          26319.923415804195,
          -26645.955432742965
        ],
        [
          -26645.955432742965,
          27828.761062106987
        ]
      ],
      [
        [
          26826.18126734139,
          25983.71304883562
        ],
        [
          25983.71304883562,
          26158.57492279865
        ]
      ],
      [
        [
          105491.52926227791,
          -84.64787562188486
        ],
        [
          -84.64787562188486,
          490.68636655069105
        ]
      ]
    ],
    [
      [
        [
          0.006163929876723556,
          0.03466886631744702
        ],
        [
          0.0,
          0.034244668339671804
        ]
      ],
      [
        [
          0.0061054906793259825,
          -0.03077042115799508
        ],
        [
          0.0,
          0.03176808849856827
        ]
      ],
      [
        [
          0.0030788689647937273,
          3.622651357796657e-05
        ],
        [
          0.0,
          0.04514691348252022
        ]
      ]
    ]
  ]
}