{
  "model_type": "gmm",
  "n_gauss": 3,
  "score_avg": -12.296627739739055,
  "labels_avg": [
    0.37370201948829307,
    0.29946479014273275,
    0.3268331903689741
  ],
  "params": [
    [
      0.3376266092013291,
      0.3147991692201047,
      0.34757422157856627
    ],
    [
      [
        272.1174143983664,
        239.4207359055216
      ],
      [
        777.0609184888926,
        287.8367202245482
      ],
      [
        531.186563852583,
        973.7330800312844
      ]
    ],
    [
      [
        [
          26411.538987187447,
          -27294.615680797924
        ],
        [
          -27294.615680797924,
          29043.87221412685
        ]
      ],
      [
        [
          26543.388971801345,
          25639.419470058845
        ],
        [
          25639.419470058845,
          25091.927532628677
        ]
      ],
      [
        [
          102501.58463971937,
          236.18815117114383
        ],
        [
          236.18815117114383,
          185.75329299505853
        ]
      ]
    ],
    [
      [
        [
          0.006153229960237015,
          0.0357281348772254
        ],
        [
          0.0,
          0.034572204213638665
        ]
      ],
      [
        [
          0.0061379283480173736,
          -0.05352398778772465
        ],
        [
          0.0,
          0.055411084046992264
        ]
      ],
      [
        [
          0.0031234510937451217,
          -0.0001693153818811899
        ],
        [
          0.0,
          0.07347995596157385
        ]
      ]
    ]
  ]
}