{
  "model_type": "gmm",
  "n_gauss": 6,
  "score_avg": -12.482357713679502,
  "labels_avg": [
    0.13789229417827503,
    0.15960097976754312,
    0.2104975794651685,
    0.17086349083647906,
    0.12048291163787081,
    0.20066274411466353
  ],
  "params": [
    [
      0.11524868824350867,
      0.12419000462166731,
      0.21436027878616273,
      0.20552757558406803,
      0.141542370957693,
      0.19913108180690023
    ],
    [
      [
        521.9796575648195,
        464.60595334552806
      ],
      [
        48.689710870413755,
        468.44047832913435
      ],
      [
        339.9771021788141,
        822.9324593710784
      ],
      [
        803.5163109380005,
        812.4766335115745
      ],
      [
        795.7624441579375,
        200.078443523058
      ],
      [
        332.0068897015817,
        173.8855869100537
      ]
    ],
    [
      [
        [
          1356.5197562773628,
          -817.5865905856984
        ],
        [
          -817.5865905856984,
          4047.9810252766197
        ]
      ],
      [
        [
          1059.44658787263,
          -1206.7450335609137
        ],
        [
          -1206.7450335609137,
          2274.289394876508
        ]
      ],
      [
        [
          22410.629968688154,
          20991.645182226584
        ],
        [
          20991.645182226584,
          20857.521994240502
        ]
      ],
      [
        [
          21477.71107691827,
          20575.55285185998
        ],
        [
          20575.552851859975,
          20100.36702416037
        ]
      ],
      [
        [
          18178.09284104748,
          -18214.435380288487
        ],
        [
          -18214.435380288487,
          19581.325229729195
        ]
      ],
      [
        [
          16806.113554181975,
          -17478.661590671185
        ],
        [
          -17478.661590671185,
          18479.086996054808
        ]
      ]
    ],
    [
      [
        [
          0.02715106931098733,
          0.010108221412606231
        ],
        [
          0.0,
          0.016771314751142498
        ]
      ],
      [
        [
          0.030722776868613653,
          0.03797270543742908
        ],
        [
          0.0,
          0.03333765798833593
        ]
      ],
      [
        [
          0.006679946244301487,
          -0.027096033794921565
        ],
        [
          0.0,
          0.02892766058713681
        ]
      ],
      [
        [
          0.006823481243221488,
          -0.04856744959461161
        ],
        [
          0.0,
          0.050696943972592425
        ]
      ],
      [
        [
          0.007416958370200286,
          0.027470343728766243
        ],
        [
          0.0,
          0.027415533243341752
        ]
      ],
      [
        [
          0.007713764098542869,
          0.05994929893028886
        ],
        [
          0.0,
          0.05764255575803193
        ]
      ]
    ]
  ]
}