{
  "model_type": "gmm",
  "n_gauss": 6,
  "score_avg": -12.48070600788296,
  "labels_avg": [
    0.24020887670663943,
    0.1992694210018004,
    0.1540368802217198,
    0.16714578771524805,
    0.11545657850841598,
    0.1238824558461764
  ],
  "params": [
    [
      0.24152356814203063,
      0.21877954850222273,
      0.1144771419508689,
      0.18273671509031822,
      0.1421258670140025,
      0.10035715930055715
    ],
    [
      [
        314.2872513635466,
        794.5183820781737
      ],
      [
        285.95943198292446,
        213.8612506279357
      ],
      [
        41.35190942895257,
        473.94008837740796
      ],
      [
        804.5054944169767,
        802.4425993073718
      ],
      [
        760.2581810353302,
        230.85647357401888
      ],
      [
        526.4442651271746,
        484.81826341545593
      ]
    ],
    [
      [
        [
          22831.370792641446,
          21722.851057679105
        ],
        [
          21722.851057679105,
          21751.42397299245
        ]
      ],
      [
        [
          18766.378730022807,
          -18659.272275923904
        ],
        [
          -18659.272275923904,
          18960.58668990924
        ]
      ],
      [
        [
          767.9788365462539,
          -718.5579393173219
        ],
        [
          -718.5579393173219,
          1797.6970742842366
        ]
      ],
      [
        [
          19550.548588197627,
          18964.524615490292
        ],
        [
          18964.524615490292,
          19190.94231576966
        ]
      ],
      [
        [
          18395.88098808562,
          -18568.442359839344
        ],
        [
          -18568.44235983934,
          19625.512333842966
        ]
      ],
      [
        [
          901.7645195435516,
          -461.9576466790112
        ],
        [
          -461.9576466790111,
          2924.578091005644
        ]
      ]
    ],
    [
      [
        [
          0.006618110381763033,
          -0.02890787882818772
        ],
        [
          0.0,
          0.030383051405298317
        ]
      ],
      [
        [
          0.007299779832752091,
          0.049236312226081935
        ],
        [
          0.0,
          0.04951893454583053
        ]
      ],
      [
        [
          0.036084889015849525,
          0.027890930334146635
        ],
        [
          0.0,
          0.02980920960745441
        ]
      ],
      [
        [
          0.0071518850554982685,
          -0.03440593764470685
        ],
        [
          0.0,
          0.03546911769651807
        ]
      ],
      [
        [
          0.007372923102796471,
          0.033970474091952425
        ],
        [
          0.0,
          0.033654777627228495
        ]
      ],
      [
        [
          0.03330070501541266,
          0.009880988617795853
        ],
        [
          0.0,
          0.019288185870713105
        ]
      ]
    ]
  ]
}