{
  "model_type": "gmm",
  "n_gauss": 8,
  "score_avg": -12.156188066280048,
  "labels_avg": [
    0.16738879483168378,
    0.08549561608590527,
    0.2047505755319593,
    0.0946584937466223,
    0.09678994403364626,
    0.13126950644492863,
    0.08642817616226911,
    0.13321889316298538
  ],
  "params": [
    [
      0.22104193481827916,
      0.08734904061370254,
      0.20166253140203624,
      0.07766938873759503,
      0.08289556734136606,
      0.14526426818415097,
      0.06951012188119066,
      0.11460714702167941
    ],
    [
      [
        834.5121828096403,
        390.6883669284175
      ],
      [
        330.3853633673961,
        939.8711917071928
      ],
      [
        173.22562083358062,
        376.89935833603334
      ],
      [
        812.3858077649095,
        127.84109460522448
      ],
      [
        499.21220420311136,
        993.6248228570588
      ],
      [
        723.7304032283656,
        873.0775146530065
      ],
      [
        182.26380797305325,
        59.45545831552119
      ],
      [
        213.11407099963913,
        769.8109022738241
      ]
    ],
    [
      [
        [
          56.91262242237155,
          -668.7598486474903
        ],
        [
          -668.7598486474903,
          42576.84373677487
        ]
      ],
      [
        [
          2930.0211031956637,
          1667.4463364407818
        ],
        [
          1667.4463364407818,
          1294.7255036815086
        ]
      ],
      [
        [
          221.36713004596027,
          379.95222956434253
        ],
        [
          379.95222956434264,
          29708.65387094199
        ]
      ],
      [
        [
          365.50190307060745,
          -173.26799705762184
        ],
        [
          -173.2679970576218,
          12518.350877754307
        ]
      ],
      [
        [
          3908.2327064583465,
          -82.4302698502533
        ],
        [
          -82.4302698502533,
          47.440166609347756
        ]
      ],
      [
        [
          4213.899128572341,
          -4383.995467241903
        ],
        [
          -4383.995467241903,
          5745.522114735962
        ]
      ],
      [
        [
          206.42639579061634,
          -394.38810850875245
        ],
        [
          -394.38810850875245,
          2485.0877560781
        ]
      ],
      [
        [
          978.3194509515215,
          2200.822592267603
        ],
        [
          2200.8225922676024,
          7537.471005512696
        ]
      ]
    ],
    [
      [
        [
          0.1325548740043159,
          0.06306395489097713
        ],
        [
          0.0,
          0.005366851883273752
        ]
      ],
      [
        [
          0.01847415681889945,
          -0.030603409183622848
        ],
        [
          0.0,
          0.05377602431820836
        ]
      ],
      [
        [
          0.0672114759766484,
          -0.010069181148559567
        ],
        [
          0.0,
          0.005866489414538499
        ]
      ],
      [
        [
          0.052306441923238974,
          0.004250936802557416
        ],
        [
          0.0,
          0.008967181000256575
        ]
      ],
      [
        [
          0.015995940962300975,
          0.003119899730052541
        ],
        [
          0.0,
          0.1479225312256386
        ]
      ],
      [
        [
          0.015404866262113407,
          0.030227807325498478
        ],
        [
          0.0,
          0.029054986917609
        ]
      ],
      [
        [
          0.06960130540445406,
          0.04591304969323271
        ],
        [
          0.0,
          0.024031316268044018
        ]
      ],
      [
        [
          0.0319712528993647,
          -0.044233076743371194
        ],
        [
          0.0,
          0.019662684082538552
        ]
      ]
    ]
  ]
}