{
  "model_type": "gmm",
  "n_gauss": 8,
  "score_avg": -12.157693047816359,
  "labels_avg": [
    0.11958823037618713,
    0.14179002727938111,
    0.12267666276580029,
    0.12135698742394478,
    0.16573170562921616,
    0.07877451774074472,
    0.12429357871475931,
    0.12578829006996656
  ],
  "params": [
    [
      0.1415176186529873,
      0.13163992598629787,
      0.11576581975900543,
      0.12195591461778402,
      0.16955427351310232,
      0.08474365433985054,
      0.12071700063355434,
      0.11410579249741812
    ],
    [
      [
        829.4277183957183,
        413.01718618036136
      ],
      [
        235.53548865244352,
        817.3575309012472
      ],
      [
        179.13056280695181,
        123.7642171551391
      ],
      [
        654.8790373593957,
        933.5832794876914
      ],
      [
        179.12776823924173,
        473.9845498675237
      ],
      [
        787.5877263904353,
        728.5872910784899
      ],
      [
        416.06776202885277,
        977.8312972467102
      ],
      [
        818.6351755592905,
        93.06217832697322
      ]
    ],
    [
      [
        [
          117.41236232195484,
          -31.39264972827688
        ],
        [
          -31.39264972827688,
          23955.810012718073
        ]
      ],
      [
        [
          1415.9352372121587,
          2563.9747316079392
        ],
        [
          2563.9747316079392,
          6860.4514594407665
        ]
      ],
      [
        [
          179.2343841821778,
          -336.1095972766815
        ],
        [
          -336.1095972766815,
          8385.684894393766
        ]
      ],
      [
        [
          4412.208355401014,
          -2820.2265298599737
        ],
        [
          -2820.2265298599737,
          2287.2533070081545
        ]
      ],
      [
        [
          272.62051020919176,
          759.4750572929363
        ],
        [
          759.4750572929363,
          23574.43271783212
        ]
      ],
      [
        [
          918.0774563865542,
          -1948.9334225758603
        ],
        [
          -1948.9334225758603,
          10548.697199956121
        ]
      ],
      [
        [
          5325.356117119819,
          1411.2794245711057
        ],
        [
          1411.2794245711057,
          583.5080374889938
        ]
      ],
      [
        [
          307.50531494154393,
          -219.99621176607283
        ],
        [
          -219.99621176607286,
          5667.167972873173
        ]
      ]
    ],
    [
      [
        [
          0.09228754367391692,
          0.0017277655650468492
        ],
        [
          0.0,
          0.006462055235431463
        ]
      ],
      [
        [
          0.02657530790946846,
          -0.03845280400791248
        ],
        [
          0.0,
          0.02123526394126013
        ]
      ],
      [
        [
          0.07469462237381316,
          0.021294018674563576
        ],
        [
          0.0,
          0.011355285165384312
        ]
      ],
      [
        [
          0.015054696118892772,
          0.0290359365717122
        ],
        [
          0.0,
          0.045426351604090226
        ]
      ],
      [
        [
          0.06056486268060536,
          -0.01901751049842652
        ],
        [
          0.0,
          0.006826509133123467
        ]
      ],
      [
        [
          0.033003525789892005,
          0.026511883757434247
        ],
        [
          0.0,
          0.012488863150528592
        ]
      ],
      [
        [
          0.013703315989617685,
          -0.018309190934704997
        ],
        [
          0.0,
          0.06908834653582341
        ]
      ],
      [
        [
          0.05702610202343301,
          0.009638191165833181
        ],
        [
          0.0,
          0.013472027477763174
        ]
      ]
    ]
  ]
}