{
  "model_type": "gmm",
  "n_gauss": 3,
  "score_avg": -12.4675851618576,
  "labels_avg": [
    0.257233185071144,
    0.45177493614300185,
    0.2909918787858541
  ],
  "params": [
    [
      0.2847925691114636,
      0.4194662480376766,
      0.29574118285085976
    ],
    [
      [
        757.7066309146722,
        724.9966335000995
      ],
      [
        517.2770083919289,
        25.552365358696633
      ],
      [
        293.66763910508564,
        785.646294494309
      ]
    ],
    [
      [
        [
          24356.002993094124,
          -24638.301684094426
        ],
        [
          -24638.301684094426,
          25630.34833296847
        ]
      ],
      [
        [
          109388.20062362845,
          -362.29290552120625
        ],
        [
          -362.29290552120625,
          296.7971935897202
        ]
      ],
      [
        [
          26004.836608166705,
          25571.64701937871
        ],
        [
          25571.647019378703,
          25665.087865808917
        ]
      ]
    ],
    [
      [
        [
          0.006407623575705588,
          0.03805888430026953
        ],
        [
          0.0,
          0.03762281637007473
        ]
      ],
      [
        [
          0.003023533332319094,
          0.00019263674567886665
        ],
        [
          0.0,
          0.05816339945571838
        ]
      ],
      [
        [
          0.006201159975878083,
          -0.04314670161544068
        ],
        [
          0.0,
          0.04387761667602271
        ]
      ]
    ]
  ]
}