{
  "model_type": "gmm",
  "n_gauss": 3,
  "score_avg": -12.658680173185907,
  "labels_avg": [
    0.31435636062109296,
    0.2527885242672598,
    0.4328551151116473
  ],
  "params": [
    [
      0.311733944657957,
      0.2738173861405222,
      0.4144486692015209
    ],
    [
      [
        293.1424804396179,
        789.3495440239893
      ],
      [
        765.301971501402,
        715.8818003464628
      ],
      [
        536.2810393421655,
        26.862126282930053
      ]
    ],
    [
      [
        [
          24872.537084206277,
          23926.74520402816
        ],
        [
          23926.74520402816,
          23612.320496693093
        ]
      ],
      [
        [
          24214.650307294145,
          -24300.024477644718
        ],
        [
          -24300.024477644718,
          25188.118242768458
        ]
      ],
      [
        [
          100727.4499476687,
          132.25212127717504
        ],
        [
          132.25212127717504,
          431.09893267363964
        ]
      ]
    ],
    [
      [
        [
          0.006340740160953059,
          -0.039423761484122424
        ],
        [
          0.0,
          0.040982129460201536
        ]
      ],
      [
        [
          0.0064262985685495854,
          0.03542648132352929
        ],
        [
          0.0,
          0.03530201616283702
        ]
      ],
      [
        [
          0.003150838042000287,
          -6.324902225271083e-05
        ],
        [
          0.0,
          0.04817248042355938
        ]
      ]
    ]
  ]
}