{
  "model_type": "gmm",
  "n_gauss": 5,
  "score_avg": -12.37244735321588,
  "labels_avg": [
    0.19469559499674885,
    0.25498389047325937,
    0.2477138937537716,
    0.2049220788427938,
    0.0976845419334265
  ],
  "params": [
    [
      0.25323553254580344,
      0.2653601315813379,
      0.2525521292305499,
      0.16210350583953498,
      0.0667487008027737
    ],
    [
      [
        489.5127867615351,
        756.7984443024015
      ],
      [
        581.4684973596732,
        168.925388810927
      ],
      [
        571.916647299183,
        508.0594548879945
      ],
      [
        285.81759188065536,
        464.91718957210696
      ],
      [
        503.12178469382957,
        772.7821531745733
      ]
    ],
    [
      [
        [
          26984.017626157845,
          -27454.00266300314
        ],
        [
          -27454.002663003135,
          28022.767201666797
        ]
      ],
      [
        [
          15852.427951894686,
          -15979.828701747054
        ],
        [
          -15979.828701747054,
          17863.520545298914
        ]
      ],
      [
        [
          19307.253293345457,
          299.28426840018614
        ],
        [
          299.2842684001861,
          146.2520832233808
        ]
      ],
      [
        [
          1566.621266478774,
          -921.3492938179949
        ],
        [
          -921.3492938179949,
          1813.6551085887547
        ]
      ],
      [
        [
          26131.03790223876,
          -26658.334972419532
        ],
        [
          -26658.334972419532,
          33198.91326312076
        ]
      ]
    ],
    [
      [
        [
          0.006087608209920164,
          0.10689319817885988
        ],
        [
          0.0,
          0.10506329365450787
        ]
      ],
      [
        [
          0.007942406410032255,
          0.024060503472667808
        ],
        [
          0.0,
          0.023868678751548727
        ]
      ],
      [
        [
          0.007196805288928591,
          -0.0013026030210239892
        ],
        [
          0.0,
          0.08403277125798812
        ]
      ],
      [
        [
          0.02526492370878073,
          0.016491159145556128
        ],
        [
          0.0,
          0.028040831853524743
        ]
      ],
      [
        [
          0.006186167429446909,
          0.013167556143463172
        ],
        [
          0.0,
          0.012907104251660011
        ]
      ]
    ]
  ]
}