{
  "model_type": "gmm",
  "n_gauss": 5,
  "score_avg": -12.300454363087173,
  "labels_avg": [
    0.2088180409723391,
    0.26779764903915937,
    0.12003590674061534,
    0.15477081658331784,
    0.24857758666456833
  ],
  "params": [
    [
      0.1694198846035742,
      0.24683733471615305,
      0.10833263802780671,
      0.20800120146948015,
      0.2674089411829858
    ],
    [
      [
        298.0031986639949,
        478.187270984857
      ],
      [
        606.2227973894779,
        503.61765603083444
      ],
      [
        310.39566234553956,
        943.4292396481096
      ],
      [
        562.2279351191513,
        678.8169501788661
      ],
      [
        549.7188654372545,
        200.4788580660975
      ]
    ],
    [
      [
        [
          1968.1966151818924,
          -451.1730623723188
        ],
        [
          -451.17306237231884,
          1398.8893419729318
        ]
      ],
      [
        [
          14364.57703239716,
          471.8557639537753
        ],
        [
          471.8557639537753,
          439.8650315346569
        ]
      ],
      [
        [
          3473.5231911438523,
          -2278.1176326054483
        ],
        [
          -2278.1176326054483,
          2542.2092879792062
        ]
      ],
      [
        [
          15917.187417960706,
          -15644.96176396451
        ],
        [
          -15644.961763964508,
          15952.903960809463
        ]
      ],
      [
        [
          18915.952616950097,
          -19018.774521742955
        ],
        [
          -19018.774521742955,
          20071.907000443764
        ]
      ]
    ],
    [
      [
        [
          0.02254061492247421,
          0.006368859126020057
        ],
        [
          0.0,
          0.027783500434382456
        ]
      ],
      [
        [
          0.008343601983603318,
          -0.0015945807506393334
        ],
        [
          0.0,
          0.04854338926583567
        ]
      ],
      [
        [
          0.01696738438443963,
          0.0202583646678002
        ],
        [
          0.0,
          0.030888615443345004
        ]
      ],
      [
        [
          0.007926233005487126,
          0.04097141422303557
        ],
        [
          0.0,
          0.04168432552319004
        ]
      ],
      [
        [
          0.0072708618224543095,
          0.03262490689788069
        ],
        [
          0.0,
          0.03244852565590872
        ]
      ]
    ]
  ]
}